SI	UId	Type	Stress	emmean	SE	df	lower.CL	upper.CL	Ion	p.adj_agfull	estimate_agfull	Significance_agfull	p.value_intra	p.adj_intra	estimate_intra	Significance_intra	Significance_intra_s
-Fe_As75	NB_-Fe_As75	NB	-Fe	-0.159353906780906	0.276900265002113	273	-0.704485138009662	0.385777324447849	As75	0.94796400005262	0.0547987990717361	NoSignificant	0.210979572470214	0.360306508101273	0.490991541025175	NoSignificant	NA
-Fe_As75	SynCom_-Fe_As75	SynCom	-Fe	-0.650345447806082	0.276900265002113	273	-1.19547667903484	-0.105214216577326	As75	0.599174016889728	0.263600891247789	NoSignificant	0.210979572470214	0.360306508101273	0.490991541025175	NoSignificant	NA
-Fe_B11	NB_-Fe_B11	NB	-Fe	-0.19452862382357	0.231331265952819	273	-0.649948548501522	0.260891300854381	B11	0.24761797687649	0.404512875494957	NoSignificant	0.294496228617564	0.466438126071297	-0.343616695543381	NoSignificant	NA
-Fe_B11	SynCom_-Fe_B11	SynCom	-Fe	0.149088071719811	0.231331265952819	273	-0.306331852958141	0.604507996397762	B11	0.00446875002319847	-0.866838432717317	Up	0.294496228617564	0.466438126071297	-0.343616695543381	NoSignificant	NA
-Fe_Ca43	NB_-Fe_Ca43	NB	-Fe	0.642733224050898	0.109803476494313	273	0.426564040052155	0.858902408049641	Ca43	6.88900302749489e-16	-1.13137367160102	Up	1.81165907792456e-17	2.00857854291636e-16	-1.41470863364137	Significant	*
-Fe_Ca43	SynCom_-Fe_Ca43	SynCom	-Fe	2.05744185769227	0.109803476494313	273	1.84127267369353	2.27361104169101	Ca43	4.96873290906569e-11	-0.910743227585901	Up	1.81165907792456e-17	2.00857854291636e-16	-1.41470863364137	Significant	*
-Fe_Cd111	SynCom_-Fe_Cd111	SynCom	-Fe	0.221799493180493	0.312018266941039	273	-0.392468254169382	0.836067240530368	Cd111	0.500496898452593	-0.35657703074088	NoSignificant	0.74003443030628	0.860374375660037	0.146562581320737	NoSignificant	NA
-Fe_Cd111	NB_-Fe_Cd111	NB	-Fe	0.36836207450123	0.312018266941039	273	-0.245905672848645	0.982629821851104	Cd111	0.256426752908893	-0.538138478233436	NoSignificant	0.74003443030628	0.860374375660037	0.146562581320737	NoSignificant	NA
-Fe_Co59	SynCom_-Fe_Co59	SynCom	-Fe	-0.834955900201553	0.195183161525458	273	-1.21921135462187	-0.450700445781232	Co59	0.143917908171905	0.415377775395319	NoSignificant	0.304238809461524	0.478449122754843	0.284124834738274	NoSignificant	NA
-Fe_Co59	NB_-Fe_Co59	NB	-Fe	-0.550831065463279	0.195183161525458	273	-0.935086519883599	-0.166575611042959	Co59	0.0512886337946133	0.528653474444236	NoSignificant	0.304238809461524	0.478449122754843	0.284124834738274	NoSignificant	NA
-Fe_Cu63	NB_-Fe_Cu63	NB	-Fe	-1.95458141965146	0.164475822550593	273	-2.27838359316575	-1.63077924613717	Cu63	3.11354711993104e-18	1.84326915988674	Down	1.0784646435948e-56	5.21668795338721e-55	-4.73617403881379	Significant	*
-Fe_Cu63	SynCom_-Fe_Cu63	SynCom	-Fe	2.78159261916233	0.164475822550593	273	2.45779044564804	3.10539479267662	Cu63	1.7643680509102e-36	-2.87396502403653	Up	1.0784646435948e-56	5.21668795338721e-55	-4.73617403881379	Significant	*
-Fe_Fe56	NB_-Fe_Fe56	NB	-Fe	-2.08333577864546	0.15477847614874	273	-2.38804686756417	-1.77862468972675	Fe56	1.90171101797557e-27	2.24146357469238	Down	0.712318475497108	0.847900837487784	-0.080798353225954	NoSignificant	NA
-Fe_Fe56	SynCom_-Fe_Fe56	SynCom	-Fe	-2.0025374254195	0.15477847614874	273	-2.30724851433822	-1.69782633650079	Fe56	6.19254242504275e-20	1.83233312644174	Down	0.712318475497108	0.847900837487784	-0.080798353225954	NoSignificant	NA
-Fe_K39	SynCom_-Fe_K39	SynCom	-Fe	1.43556208378058	0.0641166141784584	273	1.3093362427578	1.56178792480336	K39	3.07359788507517e-34	-1.07330609632977	Up	0.000145707217061142	0.000571620620778327	-0.349334353347138	Significant	*
-Fe_K39	NB_-Fe_K39	NB	-Fe	1.08622773043344	0.0641166141784583	273	0.960001889410664	1.21245357145622	K39	5.51315753505908e-21	-0.783402738780775	Up	0.000145707217061142	0.000571620620778327	-0.349334353347138	Significant	*
-Fe_Mg24	SynCom_-Fe_Mg24	SynCom	-Fe	1.02542346398587	0.1014254996784	273	0.825747932735452	1.22509899523629	Mg24	5.20488399563134e-23	-1.31214869119077	Up	4.99811622667383e-08	2.89663554045869e-07	0.804470960720207	Significant	*
-Fe_Mg24	NB_-Fe_Mg24	NB	-Fe	1.82989442470608	0.1014254996784	273	1.63021889345566	2.02956995595649	Mg24	1.93255367915845e-31	-1.60473649364152	Up	4.99811622667383e-08	2.89663554045869e-07	0.804470960720207	Significant	*
-Fe_Mn55	NB_-Fe_Mn55	NB	-Fe	2.62690216703907	0.0995171552920687	273	2.43098357738971	2.82282075668843	Mn55	8.78473512780005e-63	-2.60512841168507	Up	0.259040535061719	0.419880908068154	0.159177645410275	NoSignificant	NA
-Fe_Mn55	SynCom_-Fe_Mn55	SynCom	-Fe	2.4677245216288	0.0995171552920687	273	2.27180593197943	2.66364311127816	Mn55	6.3225702586515e-49	-2.14171889122127	Up	0.259040535061719	0.419880908068154	0.159177645410275	NoSignificant	NA
-Fe_Mo98	NB_-Fe_Mo98	NB	-Fe	1.62772547597422	0.180976982563651	273	1.27143760702532	1.98401334492312	Mo98	1.16534613003367e-14	-1.77715688785816	Up	0.0105209088382211	0.029809241708293	0.659304647214364	Significant	*
-Fe_Mo98	SynCom_-Fe_Mo98	SynCom	-Fe	0.968420828759855	0.180976982563652	273	0.612132959810955	1.32470869770875	Mo98	0.0263449824552551	-0.548499879412159	Up	0.0105209088382211	0.029809241708293	0.659304647214364	Significant	*
-Fe_Na23	SynCom_-Fe_Na23	SynCom	-Fe	-0.403062698354372	0.0660699072171633	273	-0.533133971013454	-0.27299142569529	Na23	0.771619902077483	0.0410606794567206	NoSignificant	0.69798756914415	0.839560519489426	0.0362953638714355	NoSignificant	NA
-Fe_Na23	NB_-Fe_Na23	NB	-Fe	-0.366767334482937	0.0660699072171633	273	-0.496838607142019	-0.236696061823855	Na23	0.520953930961896	0.0728472541434199	NoSignificant	0.69798756914415	0.839560519489426	0.0362953638714355	NoSignificant	NA
-Fe_P31	SynCom_-Fe_P31	SynCom	-Fe	0.0283724103941294	0.137646659024764	273	-0.242611413720744	0.299356234509003	P31	0.000460878747071296	-0.622176903329636	Up	0.213030815863936	0.361445341036679	-0.242974937483701	NoSignificant	NA
-Fe_P31	NB_-Fe_P31	NB	-Fe	-0.214602527089572	0.137646659024764	273	-0.485586351204445	0.0563812970253015	P31	0.000563773220236126	0.613327000101944	Down	0.213030815863936	0.361445341036679	-0.242974937483701	NoSignificant	NA
-Fe_Rb85	NB_-Fe_Rb85	NB	-Fe	1.58925675204607	0.107636383874041	273	1.37735390512817	1.80115959896396	Rb85	6.1464471084456e-22	-1.35194210323829	Up	0.140422635902168	0.261370599671918	-0.225060895053017	NoSignificant	NA
-Fe_Rb85	SynCom_-Fe_Rb85	SynCom	-Fe	1.81431764709908	0.107636383874041	273	1.60241480018119	2.02622049401698	Rb85	4.13859137148842e-25	-1.47124420449668	Up	0.140422635902168	0.261370599671918	-0.225060895053017	NoSignificant	NA
-Fe_S34	NB_-Fe_S34	NB	-Fe	1.60721478512519	0.198959505313296	273	1.21552487433629	1.9989046959141	S34	2.10932576194249e-11	-1.68430292965153	Up	0.121688492016642	0.233312522287546	-0.436843686201921	NoSignificant	NA
-Fe_S34	SynCom_-Fe_S34	SynCom	-Fe	2.04405847132711	0.198959505313297	273	1.65236856053821	2.43574838211602	S34	6.29733170309397e-14	-1.89595102876187	Up	0.121688492016642	0.233312522287546	-0.436843686201921	NoSignificant	NA
-Fe_Sr88	NB_-Fe_Sr88	NB	-Fe	-0.0964275510262792	0.204366466581547	273	-0.498762101152546	0.305906999099987	Sr88	0.73095900487813	-0.14314116224917	NoSignificant	0.895886221895716	0.961291406169321	-0.0378560579248293	NoSignificant	NA
-Fe_Sr88	SynCom_-Fe_Sr88	SynCom	-Fe	-0.0585714931014499	0.204366466581547	273	-0.460906043227716	0.343763057024817	Sr88	0.779099945315925	-0.123596586439344	NoSignificant	0.895886221895716	0.961291406169321	-0.0378560579248293	NoSignificant	NA
-Fe_Zn66	SynCom_-Fe_Zn66	SynCom	-Fe	1.47177117184211	0.202898358080328	273	1.07232687461915	1.87121546906508	Zn66	2.42291743733576e-15	-2.04689374558584	Up	0.72378044349714	0.854687743541157	0.101512817041546	NoSignificant	NA
-Fe_Zn66	NB_-Fe_Zn66	NB	-Fe	1.57328398888366	0.202898358080328	273	1.17383969166069	1.97272828610663	Zn66	1.16490641876862e-07	-1.35610613701352	Up	0.72378044349714	0.854687743541157	0.101512817041546	NoSignificant	NA
-K_As75	SynCom_-K_As75	SynCom	-K	0.179760996433559	0.276900265002113	273	-0.365370234795197	0.724892227662314	As75	0.162973221321568	-0.566505552991851	NoSignificant	0.000850329455277601	0.00291704947662495	1.32096915123091	Significant	*
-K_As75	NB_-K_As75	NB	-K	1.50073014766447	0.276900265002113	273	0.955598916435714	2.04586137889322	As75	4.71519324294369e-06	-1.60528525537364	Up	0.000850329455277601	0.00291704947662495	1.32096915123091	Significant	*
-K_B11	SynCom_-K_B11	SynCom	-K	-0.911024595784647	0.231331265952819	273	-1.3664445204626	-0.455604671106696	B11	0.660880971580372	0.193274234787141	NoSignificant	0.25527976893075	0.416394505825211	-0.372957563214503	NoSignificant	NA
-K_B11	NB_-K_B11	NB	-K	-1.28398215899915	0.231331265952819	273	-1.7394020836771	-0.828562234321199	B11	3.10524624227797e-07	1.49396641067054	Down	0.25527976893075	0.416394505825211	-0.372957563214503	NoSignificant	NA
-K_Ca43	NB_-K_Ca43	NB	-K	-1.13210530423678	0.109803476494313	273	-1.34827448823552	-0.915936120238034	Ca43	3.73354969268419e-06	0.643464856686652	Down	4.11992931796571e-07	2.204018131639e-06	-0.805854701283287	Significant	*
-K_Ca43	SynCom_-K_Ca43	SynCom	-K	-0.32625060295349	0.109803476494313	273	-0.542419786952232	-0.110081418954747	Ca43	2.27846712489117e-24	1.47294923305986	Down	4.11992931796571e-07	2.204018131639e-06	-0.805854701283287	Significant	*
-K_Cd111	SynCom_-K_Cd111	SynCom	-K	-0.203924376911854	0.312018266941039	273	-0.818192124261729	0.410343370438021	Cd111	0.941479179252178	0.0691468393514674	NoSignificant	0.615614350763248	0.791504165267033	0.221800358411714	NoSignificant	NA
-K_Cd111	NB_-K_Cd111	NB	-K	0.0178759814998597	0.312018266941039	273	-0.596391765850015	0.632143728849735	Cd111	0.780403697957455	-0.187652385232066	NoSignificant	0.615614350763248	0.791504165267033	0.221800358411714	NoSignificant	NA
-K_Co59	SynCom_-K_Co59	SynCom	-K	-1.09219188056617	0.195183161525458	273	-1.47644733498649	-0.707936426145849	Co59	0.00971570735033434	0.672613755759935	Down	0.524930078871484	0.712006224001215	0.175716354353699	NoSignificant	NA
-K_Co59	NB_-K_Co59	NB	-K	-0.91647552621247	0.195183161525458	273	-1.30073098063279	-0.53222007179215	Co59	0.000378033067074101	0.894297935193428	Down	0.524930078871484	0.712006224001215	0.175716354353699	NoSignificant	NA
-K_Cu63	SynCom_-K_Cu63	SynCom	-K	1.18979458029455	0.164475822550593	273	0.86599240678026	1.51359675380884	Cu63	6.28635447500142e-10	-1.28216698516875	Up	5.01151663229713e-12	3.91205124868092e-11	-1.68059528291459	Significant	*
-K_Cu63	NB_-K_Cu63	NB	-K	-0.490800702620037	0.164475822550593	273	-0.814602876134327	-0.166998529105747	Cu63	0.108902169563462	0.379488442855315	NoSignificant	5.01151663229713e-12	3.91205124868092e-11	-1.68059528291459	Significant	*
-K_Fe56	NB_-K_Fe56	NB	-K	-0.730650064731808	0.15477847614874	273	-1.03536115365052	-0.425938975813097	Fe56	5.87488328491872e-06	0.888777860778724	Down	2.43688777794973e-14	2.21930851206137e-13	-1.76377741269179	Significant	*
-K_Fe56	SynCom_-K_Fe56	SynCom	-K	1.03312734795998	0.15477847614874	273	0.728416259041273	1.33783843687869	Fe56	6.86774920624385e-10	-1.20333164693775	Up	2.43688777794973e-14	2.21930851206137e-13	-1.76377741269179	Significant	*
-K_K39	SynCom_-K_K39	SynCom	-K	-2.14856781151106	0.0641166141784583	273	-2.27479365253384	-2.02234197048828	K39	1.34471762964917e-97	2.51082379896187	Down	0.37154475844487	0.555140117598293	-0.0811589777826956	NoSignificant	NA
-K_K39	NB_-K_K39	NB	-K	-2.22972678929376	0.0641166141784583	273	-2.35595263031654	-2.10350094827098	K39	2.66613230518516e-98	2.53255178094643	Down	0.37154475844487	0.555140117598293	-0.0811589777826956	NoSignificant	NA
-K_Mg24	SynCom_-K_Mg24	SynCom	-K	-0.604650361838832	0.1014254996784	273	-0.804325893089249	-0.404974830588415	Mg24	0.0209276851664204	0.317925134633927	Down	0.11103760018374	0.216866998350127	-0.229317347953166	NoSignificant	NA
-K_Mg24	NB_-K_Mg24	NB	-K	-0.833967709791998	0.1014254996784	273	-1.03364324104242	-0.634292178541581	Mg24	3.13117147062173e-16	1.05912564085655	Down	0.11103760018374	0.216866998350127	-0.229317347953166	NoSignificant	NA
-K_Mn55	SynCom_-K_Mn55	SynCom	-K	0.00343811507264878	0.0995171552920687	273	-0.192480474576714	0.199356704722011	Mn55	0.0163353324303444	0.322567515334881	Down	0.000303113101781902	0.0011094809706371	-0.515053849280507	Significant	*
-K_Mn55	NB_-K_Mn55	NB	-K	-0.511615734207858	0.0995171552920687	273	-0.70753432385722	-0.315697144558495	Mn55	2.55270274016677e-05	0.533389489561863	Down	0.000303113101781902	0.0011094809706371	-0.515053849280507	Significant	*
-K_Mo98	NB_-K_Mo98	NB	-K	0.0862872091380223	0.180976982563651	273	-0.270000659810878	0.442575078086922	Mo98	0.420874250948861	-0.23571862102196	NoSignificant	0.00232990339964892	0.00752057426468957	-0.78662702590281	Significant	*
-K_Mo98	SynCom_-K_Mo98	SynCom	-K	0.872914235040833	0.180976982563651	273	0.516626366091933	1.22920210398973	Mo98	0.0763667574242289	-0.452993285693137	NoSignificant	0.00232990339964892	0.00752057426468957	-0.78662702590281	Significant	*
-K_Na23	NB_-K_Na23	NB	-K	-0.114298511925686	0.0660699072171633	273	-0.244369784584768	0.015772760733396	Na23	0.0504430900061264	-0.179621568413831	NoSignificant	0.648326574720141	0.809086182154825	-0.0426626738100745	NoSignificant	NA
-K_Na23	SynCom_-K_Na23	SynCom	-K	-0.0716358381156116	0.0660699072171633	273	-0.201707110774694	0.0584354345434706	Na23	0.000677103188053326	-0.29036618078204	Up	0.648326574720141	0.809086182154825	-0.0426626738100745	NoSignificant	NA
-K_P31	SynCom_-K_P31	SynCom	-K	-0.893271568476373	0.137646659024764	273	-1.16425539259125	-0.622287744361499	P31	0.132471852497322	0.299467075540866	NoSignificant	0.509659408164699	0.696931876149817	0.128522604864673	NoSignificant	NA
-K_P31	NB_-K_P31	NB	-K	-0.7647489636117	0.137646659024764	273	-1.03573278772657	-0.493765139496827	P31	2.23817176573485e-11	1.16347343662407	Down	0.509659408164699	0.696931876149817	0.128522604864673	NoSignificant	NA
-K_Rb85	SynCom_-K_Rb85	SynCom	-K	-0.508072834208539	0.107636383874041	273	-0.719975681126433	-0.296169987290645	Rb85	3.63454401656521e-10	0.851146276810945	Down	2.92586750097038e-06	1.41663837863439e-05	-0.72695801818336	Significant	*
-K_Rb85	NB_-K_Rb85	NB	-K	-1.2350308523919	0.107636383874041	273	-1.44693369930979	-1.02312800547401	Rb85	3.95368338065504e-25	1.47234550119967	Down	2.92586750097038e-06	1.41663837863439e-05	-0.72695801818336	Significant	*
-K_S34	SynCom_-K_S34	SynCom	-K	0.62397772191695	0.198959505313297	273	0.232287811128046	1.01566763270585	S34	0.0938678861815005	-0.475870279351709	NoSignificant	8.37524416568296e-14	7.28075203039484e-13	-2.21429400660474	Significant	*
-K_S34	NB_-K_S34	NB	-K	-1.59031628468779	0.198959505313297	273	-1.98200619547669	-1.19862637389888	S34	1.57262979333163e-09	1.51322814016145	Down	8.37524416568296e-14	7.28075203039484e-13	-2.21429400660474	Significant	*
-K_Sr88	NB_-K_Sr88	NB	-K	-0.320567796843372	0.204366466581547	273	-0.722902346969638	0.0817667532828947	Sr88	0.856661059441672	0.0809990835679226	NoSignificant	0.717702864925269	0.852550763459364	-0.104597044798579	NoSignificant	NA
-K_Sr88	SynCom_-K_Sr88	SynCom	-K	-0.215970752044793	0.204366466581547	273	-0.61830530217106	0.186363798081474	Sr88	0.95890564185506	0.0338026725039994	NoSignificant	0.717702864925269	0.852550763459364	-0.104597044798579	NoSignificant	NA
-K_Zn66	SynCom_-K_Zn66	SynCom	-K	-0.611923801497632	0.202898358080328	273	-1.0113680987206	-0.212479504274666	Zn66	0.953852296851219	0.0368012277539029	NoSignificant	0.725717833755329	0.854687743541157	-0.100770584185791	NoSignificant	NA
-K_Zn66	NB_-K_Zn66	NB	-K	-0.712694385683423	0.202898358080328	273	-1.11213868290639	-0.313250088460457	Zn66	0.000378033067074101	0.929872237553561	Down	0.725717833755329	0.854687743541157	-0.100770584185791	NoSignificant	NA
-Mn_As75	SynCom_-Mn_As75	SynCom	-Mn	-0.379451860703977	0.276900265002113	273	-0.924583091932733	0.165679370524778	As75	0.990392568354785	-0.00729269585431491	NoSignificant	0.0893254110470522	0.183200910056287	0.667685189915005	NoSignificant	NA
-Mn_As75	NB_-Mn_As75	NB	-Mn	0.288233329211028	0.276900265002113	273	-0.256897902017727	0.833364560439783	As75	0.370440022661354	-0.392788436920198	NoSignificant	0.0893254110470522	0.183200910056287	0.667685189915005	NoSignificant	NA
-Mn_B11	SynCom_-Mn_B11	SynCom	-Mn	0.276917581938523	0.231331265952819	273	-0.178502342739429	0.732337506616474	B11	0.00089871651399167	-0.994667942936029	Up	0.945384173888853	0.984386229072984	0.0224319446631103	NoSignificant	NA
-Mn_B11	NB_-Mn_B11	NB	-Mn	0.299349526601633	0.231331265952819	273	-0.156070398076318	0.754769451279585	B11	0.859570175615816	-0.0893652749302461	NoSignificant	0.945384173888853	0.984386229072984	0.0224319446631103	NoSignificant	NA
-Mn_Ca43	NB_-Mn_Ca43	NB	-Mn	-0.164135174005505	0.109803476494313	273	-0.380304358004248	0.0520340099932376	Ca43	0.0308939660743578	-0.324505273544619	Up	5.02137667061655e-18	5.7333629149577e-17	-1.44275857792264	Significant	*
-Mn_Ca43	SynCom_-Mn_Ca43	SynCom	-Mn	1.27862340391713	0.109803476494313	273	1.06245421991839	1.49479258791587	Ca43	0.471665221821797	-0.131924773810762	NoSignificant	5.02137667061655e-18	5.7333629149577e-17	-1.44275857792264	Significant	*
-Mn_Cd111	SynCom_-Mn_Cd111	SynCom	-Mn	0.0850396955236662	0.312018266941039	273	-0.529228051826209	0.699307442873541	Cd111	0.729092797083015	-0.219817233084053	NoSignificant	0.977062814800453	0.990392568354785	-0.0126985151995831	NoSignificant	NA
-Mn_Cd111	NB_-Mn_Cd111	NB	-Mn	0.0723411803240831	0.312018266941039	273	-0.541926567025792	0.686608927673958	Cd111	0.692145051930721	-0.242117584056289	NoSignificant	0.977062814800453	0.990392568354785	-0.0126985151995831	NoSignificant	NA
-Mn_Co59	SynCom_-Mn_Co59	SynCom	-Mn	0.959897094634406	0.195183161525458	273	0.575641640214086	1.34415254905473	Co59	2.05653377876595e-08	-1.37947521944064	Up	0.945791420557331	0.984386229072984	0.0187853538012048	NoSignificant	NA
-Mn_Co59	NB_-Mn_Co59	NB	-Mn	0.978682448435611	0.195183161525458	273	0.594426994015291	1.36293790285593	Co59	5.93253947018295e-05	-1.00086003945465	Up	0.945791420557331	0.984386229072984	0.0187853538012048	NoSignificant	NA
-Mn_Cu63	SynCom_-Mn_Cu63	SynCom	-Mn	1.26047134658338	0.164475822550593	273	0.936669173069093	1.58427352009767	Cu63	7.03365643156738e-11	-1.35284375145758	Up	0.000154830914629788	0.000604314539243814	-0.892480506441582	Significant	*
-Mn_Cu63	NB_-Mn_Cu63	NB	-Mn	0.367990840141801	0.164475822550593	273	0.0441886666275105	0.691793013656091	Cu63	0.033638705428624	-0.479303099906522	Up	0.000154830914629788	0.000604314539243814	-0.892480506441582	Significant	*
-Mn_Fe56	NB_-Mn_Fe56	NB	-Mn	0.305864742429473	0.15477847614874	273	0.00115365351076196	0.610575831348183	Fe56	0.598500351224935	-0.147736946382556	NoSignificant	0.19786702676964	0.347174943758657	0.282541750441748	NoSignificant	NA
-Mn_Fe56	SynCom_-Mn_Fe56	SynCom	-Mn	0.0233229919877245	0.15477847614874	273	-0.281388096930986	0.328034080906435	Fe56	0.445990441313977	-0.193527290965487	NoSignificant	0.19786702676964	0.347174943758657	0.282541750441748	NoSignificant	NA
-Mn_K39	NB_-Mn_K39	NB	-Mn	0.426882097436513	0.0641166141784583	273	0.300656256413734	0.553107938459292	K39	0.192676274838124	-0.124057105783844	NoSignificant	0.000552733306677754	0.00196670223073713	-0.316920263476036	Significant	*
-Mn_K39	SynCom_-Mn_K39	SynCom	-Mn	0.743802360912548	0.0641166141784583	273	0.617576519889769	0.870028201935327	K39	2.60775336676311e-06	-0.381546373461739	Up	0.000552733306677754	0.00196670223073713	-0.316920263476036	Significant	*
-Mn_Mg24	NB_-Mn_Mg24	NB	-Mn	0.462478137317812	0.1014254996784	273	0.262802606067395	0.662153668568229	Mg24	0.102545907154115	-0.237320206253257	NoSignificant	0.620656588180504	0.792658247008491	0.0710710023053361	NoSignificant	NA
-Mn_Mg24	SynCom_-Mn_Mg24	SynCom	-Mn	0.391407135012475	0.1014254996784	273	0.191731603762058	0.591082666262893	Mg24	1.16152195774099e-07	-0.67813236221738	Up	0.620656588180504	0.792658247008491	0.0710710023053361	NoSignificant	NA
-Mn_Mn55	SynCom_-Mn_Mn55	SynCom	-Mn	-1.73539464531131	0.0995171552920687	273	-1.93131323496067	-1.53947605566195	Mn55	1.70775659687462e-46	2.06140027571884	Down	0.965990505243013	0.990078937013537	-0.00600624537432526	NoSignificant	NA
-Mn_Mn55	NB_-Mn_Mn55	NB	-Mn	-1.74140089068564	0.0995171552920687	273	-1.937319480335	-1.54548230103628	Mn55	3.21203740013472e-37	1.76317464603964	Down	0.965990505243013	0.990078937013537	-0.00600624537432526	NoSignificant	NA
-Mn_Mo98	SynCom_-Mn_Mo98	SynCom	-Mn	0.464250781982461	0.180976982563651	273	0.107962913033561	0.820538650931361	Mo98	0.932260232831172	-0.044329832634765	NoSignificant	0.59276162709881	0.772508764447342	-0.137047952374367	NoSignificant	NA
-Mn_Mo98	NB_-Mn_Mo98	NB	-Mn	0.327202829608094	0.180976982563651	273	-0.0290850393408059	0.683490698556994	Mo98	0.0592920748132449	-0.476634241492032	NoSignificant	0.59276162709881	0.772508764447342	-0.137047952374367	NoSignificant	NA
-Mn_Na23	NB_-Mn_Na23	NB	-Mn	-0.29097856066281	0.0660699072171633	273	-0.421049833321892	-0.160907288003728	Na23	0.990078937013537	-0.00294151967670696	NoSignificant	0.35869414848218	0.540159495253676	0.0859066334689806	NoSignificant	NA
-Mn_Na23	SynCom_-Mn_Na23	SynCom	-Mn	-0.376885194131791	0.0660699072171633	273	-0.506956466790873	-0.246813921472708	Na23	0.940096032636199	0.0148831752341388	NoSignificant	0.35869414848218	0.540159495253676	0.0859066334689806	NoSignificant	NA
-Mn_P31	NB_-Mn_P31	NB	-Mn	1.57500849994225	0.137646659024764	273	1.30402467582738	1.84599232405712	P31	1.39649308714656e-11	-1.17628402692988	Up	7.18292433770483e-06	3.3302649202086e-05	0.890887757209012	Significant	*
-Mn_P31	SynCom_-Mn_P31	SynCom	-Mn	0.684120742733238	0.137646659024764	273	0.413136918618364	0.955104566848111	P31	2.4628914255271e-13	-1.27792523566874	Up	7.18292433770483e-06	3.3302649202086e-05	0.890887757209012	Significant	*
-Mn_Rb85	SynCom_-Mn_Rb85	SynCom	-Mn	0.934903291224008	0.107636383874041	273	0.723000444306114	1.1468061381419	Rb85	1.50034029656528e-05	-0.591829848621602	Up	0.0070249721248305	0.0209109092431725	-0.413463720480434	Significant	*
-Mn_Rb85	NB_-Mn_Rb85	NB	-Mn	0.521439570743573	0.107636383874041	273	0.30953672382568	0.733342417661467	Rb85	0.0586987709121231	-0.284124921935798	NoSignificant	0.0070249721248305	0.0209109092431725	-0.413463720480434	Significant	*
-Mn_S34	SynCom_-Mn_S34	SynCom	-Mn	0.516288959743597	0.198959505313296	273	0.124599048954693	0.907978870532501	S34	0.216116582507617	-0.368181517178356	NoSignificant	0.0354459307976436	0.086357124395533	-0.594741010096194	NoSignificant	NA
-Mn_S34	NB_-Mn_S34	NB	-Mn	-0.0784520503525969	0.198959505313297	273	-0.470141961141501	0.313237860436307	S34	0.995267505475477	0.00136390582625683	NoSignificant	0.0354459307976436	0.086357124395533	-0.594741010096194	NoSignificant	NA
-Mn_Sr88	NB_-Mn_Sr88	NB	-Mn	-0.204857293802636	0.204366466581547	273	-0.607191843928902	0.197477256323631	Sr88	0.957178005556576	-0.0347114194728133	NoSignificant	0.792350128260098	0.901093477777977	0.0761614053770935	NoSignificant	NA
-Mn_Sr88	SynCom_-Mn_Sr88	SynCom	-Mn	-0.281018699179729	0.204366466581547	273	-0.683353249305996	0.121315850946537	Sr88	0.824146435947165	0.0988506196389358	NoSignificant	0.792350128260098	0.901093477777977	0.0761614053770935	NoSignificant	NA
-Mn_Zn66	NB_-Mn_Zn66	NB	-Mn	1.13671287995973	0.202898358080328	273	0.737268582736769	1.5361571771827	Zn66	0.000444947092182751	-0.919535028089596	Up	0.00194703524747514	0.0063113642555868	0.897706694183439	Significant	*
-Mn_Zn66	SynCom_-Mn_Zn66	SynCom	-Mn	0.239006185776296	0.202898358080328	273	-0.16043811144667	0.638450482999262	Zn66	0.00209468987467884	-0.814128759520024	Up	0.00194703524747514	0.0063113642555868	0.897706694183439	Significant	*
-Mo_As75	SynCom_-Mo_As75	SynCom	-Mo	-0.606285072921171	0.276900265002113	273	-1.15141630414993	-0.0611538416924156	As75	0.684334207884754	0.219540516362879	NoSignificant	0.102020580470456	0.20484447259816	0.642474255889911	NoSignificant	NA
-Mo_As75	NB_-Mo_As75	NB	-Mo	0.0361891829687405	0.276900265002113	273	-0.508942048260015	0.581320414197496	As75	0.813227485411189	-0.140744290677911	NoSignificant	0.102020580470456	0.20484447259816	0.642474255889911	NoSignificant	NA
-Mo_B11	SynCom_-Mo_B11	SynCom	-Mo	-0.714631269886175	0.231331265952819	273	-1.17005119456413	-0.259211345208224	B11	0.993854043126718	-0.00311909111133069	NoSignificant	0.624040008496963	0.795651010833628	0.160530071213695	NoSignificant	NA
-Mo_B11	NB_-Mo_B11	NB	-Mo	-0.55410119867248	0.231331265952819	273	-1.00952112335043	-0.0986812739945284	B11	0.0141136289878392	0.764085450343867	Down	0.624040008496963	0.795651010833628	0.160530071213695	NoSignificant	NA
-Mo_Ca43	NB_-Mo_Ca43	NB	-Mo	-0.702834385842029	0.109803476494313	273	-0.919003569840772	-0.486665201843286	Ca43	0.187775946319408	0.214193938291905	NoSignificant	5.7080205643397e-31	1.50573645921375e-29	-2.04388263377572	Significant	*
-Mo_Ca43	SynCom_-Mo_Ca43	SynCom	-Mo	1.34104824793369	0.109803476494313	273	1.12487906393495	1.55721743193243	Ca43	0.240674448437784	-0.194349617827319	NoSignificant	5.7080205643397e-31	1.50573645921375e-29	-2.04388263377572	Significant	*
-Mo_Cd111	NB_-Mo_Cd111	NB	-Mo	-0.619428223547574	0.312018266941039	273	-1.23369597089745	-0.00516047619769844	Cd111	0.361445341036679	0.449651819815368	NoSignificant	0.911052832865212	0.968637798970195	0.0493392202116189	NoSignificant	NA
-Mo_Cd111	SynCom_-Mo_Cd111	SynCom	-Mo	-0.668767443759193	0.312018266941039	273	-1.28303519110907	-0.0544996964093174	Cd111	0.260850904108454	0.533989906198806	NoSignificant	0.911052832865212	0.968637798970195	0.0493392202116189	NoSignificant	NA
-Mo_Co59	NB_-Mo_Co59	NB	-Mo	-0.0627776140116954	0.195183161525458	273	-0.447033068432016	0.321477840408625	Co59	0.947599387541184	0.040600022992653	NoSignificant	0.181274001667155	0.324764897600406	0.369953873114465	NoSignificant	NA
-Mo_Co59	SynCom_-Mo_Co59	SynCom	-Mo	-0.43273148712616	0.195183161525458	273	-0.816986941546481	-0.0484760327058403	Co59	0.984386229072984	0.0131533623199266	NoSignificant	0.181274001667155	0.324764897600406	0.369953873114465	NoSignificant	NA
-Mo_Cu63	SynCom_-Mo_Cu63	SynCom	-Mo	0.528056646254628	0.164475822550593	273	0.204254472740338	0.851858819768918	Cu63	0.0041712338078003	-0.620429051128826	Up	0.00137586847726148	0.00463673737931731	-0.751986525446715	Significant	*
-Mo_Cu63	NB_-Mo_Cu63	NB	-Mo	-0.223929879192086	0.164475822550593	273	-0.547732052706376	0.0998722943222038	Cu63	0.736648596038019	0.112617619427364	NoSignificant	0.00137586847726148	0.00463673737931731	-0.751986525446715	Significant	*
-Mo_Fe56	SynCom_-Mo_Fe56	SynCom	-Mo	-0.0340460739078753	0.15477847614874	273	-0.338757162826586	0.270665015010835	Fe56	0.634159408025434	-0.136158225069887	NoSignificant	0.787795864247795	0.899498262909796	0.0589773257111985	NoSignificant	NA
-Mo_Fe56	NB_-Mo_Fe56	NB	-Mo	0.0249312518033231	0.15477847614874	273	-0.279779837115387	0.329642340722034	Fe56	0.645520325306251	0.133196544243594	NoSignificant	0.787795864247795	0.899498262909796	0.0589773257111985	NoSignificant	NA
-Mo_K39	SynCom_-Mo_K39	SynCom	-Mo	0.66254166560875	0.0641166141784584	273	0.536315824585971	0.788767506631529	K39	0.000274068385011149	-0.300285678157941	Up	8.06279404986813e-07	4.11202496543275e-06	-0.457969516064182	Significant	*
-Mo_K39	NB_-Mo_K39	NB	-Mo	0.204572149544567	0.0641166141784584	273	0.0783463085217884	0.330797990567347	K39	0.329398890629954	0.0982528421081015	NoSignificant	8.06279404986813e-07	4.11202496543275e-06	-0.457969516064182	Significant	*
-Mo_Mg24	NB_-Mo_Mg24	NB	-Mo	-0.0457857999389169	0.1014254996784	273	-0.245461331189334	0.1538897313115	Mg24	0.0552250866972325	0.270943731003471	NoSignificant	0.412843511530479	0.601571973944412	-0.117640768525453	NoSignificant	NA
-Mo_Mg24	SynCom_-Mo_Mg24	SynCom	-Mo	0.0718549685865357	0.1014254996784	273	-0.127820562663881	0.271530499836953	Mg24	0.00774591239524454	-0.35858019579144	Up	0.412843511530479	0.601571973944412	-0.117640768525453	NoSignificant	NA
-Mo_Mn55	SynCom_-Mo_Mn55	SynCom	-Mo	0.238403300750608	0.0995171552920687	273	0.0424847111012457	0.434321890399971	Mn55	0.634159408025434	0.0876023296569218	NoSignificant	0.000716114316008159	0.00249012478066473	-0.481649326506907	Significant	*
-Mo_Mn55	NB_-Mo_Mn55	NB	-Mo	-0.243246025756299	0.0995171552920687	273	-0.439164615405661	-0.047327436106936	Mn55	0.0560773728330726	0.265019781110304	NoSignificant	0.000716114316008159	0.00249012478066473	-0.481649326506907	Significant	*
-Mo_Mo98	SynCom_-Mo_Mo98	SynCom	-Mo	-2.19915142844802	0.180976982563651	273	-2.55543929739692	-1.84286355949912	Mo98	1.9786197207304e-27	2.61907237779572	Down	0.982624783504944	0.990392568354785	0.00557905608171172	NoSignificant	NA
-Mo_Mo98	NB_-Mo_Mo98	NB	-Mo	-2.19357237236631	0.180976982563651	273	-2.54986024131521	-1.83728450341741	Mo98	1.87405697885877e-18	2.04414096048237	Down	0.982624783504944	0.990392568354785	0.00557905608171172	NoSignificant	NA
-Mo_Na23	SynCom_-Mo_Na23	SynCom	-Mo	-0.337299314204743	0.0660699072171633	273	-0.467370586863825	-0.207228041545661	Na23	0.866389110477529	-0.0247027046929084	NoSignificant	0.65182016707575	0.810800695630811	0.0422085380986213	NoSignificant	NA
-Mo_Na23	NB_-Mo_Na23	NB	-Mo	-0.295090776106122	0.0660699072171633	273	-0.425162048765204	-0.16501950344704	Na23	0.993726482514124	0.00117069576660512	NoSignificant	0.65182016707575	0.810800695630811	0.0422085380986213	NoSignificant	NA
-Mo_P31	NB_-Mo_P31	NB	-Mo	0.441949466489101	0.137646659024764	273	0.170965642374227	0.712933290603974	P31	0.899481643647107	-0.0432249934767285	NoSignificant	0.0597536160717262	0.130978556718827	0.368002976077331	NoSignificant	NA
-Mo_P31	SynCom_-Mo_P31	SynCom	-Mo	0.0739464904117694	0.137646659024764	273	-0.197037333703104	0.344930314526643	P31	0.00015464616935682	-0.667750983347276	Up	0.0597536160717262	0.130978556718827	0.368002976077331	NoSignificant	NA
-Mo_Rb85	SynCom_-Mo_Rb85	SynCom	-Mo	0.49789252594912	0.107636383874041	273	0.285989679031227	0.709795372867014	Rb85	0.362124135215123	-0.154819083346715	NoSignificant	0.000248571823116263	0.000932144336685987	-0.565149459856919	Significant	*
-Mo_Rb85	NB_-Mo_Rb85	NB	-Mo	-0.0672569339077992	0.107636383874041	273	-0.279159780825693	0.144645913010094	Rb85	0.0399737519535635	0.304571582715574	Down	0.000248571823116263	0.000932144336685987	-0.565149459856919	Significant	*
-Mo_S34	SynCom_-Mo_S34	SynCom	-Mo	0.151413041846433	0.198959505313297	273	-0.240276868942471	0.543102952635338	S34	0.993726482514124	-0.00330559928119203	NoSignificant	0.101659104301682	0.204655828396807	-0.462123229991707	NoSignificant	NA
-Mo_S34	NB_-Mo_S34	NB	-Mo	-0.310710188145273	0.198959505313297	273	-0.702400098934177	0.0809797226436311	S34	0.485125263556887	0.233622043618933	NoSignificant	0.101659104301682	0.204655828396807	-0.462123229991707	NoSignificant	NA
-Mo_Sr88	SynCom_-Mo_Sr88	SynCom	-Mo	-0.531490119153938	0.204366466581547	273	-0.933824669280204	-0.129155569027672	Sr88	0.261123998677261	0.349322039613144	NoSignificant	0.656210481160262	0.811415648562801	-0.128797915310213	NoSignificant	NA
-Mo_Sr88	NB_-Mo_Sr88	NB	-Mo	-0.660288034464151	0.204366466581547	273	-1.06262258459042	-0.257953484337884	Sr88	0.159580923466833	0.420719321188701	NoSignificant	0.656210481160262	0.811415648562801	-0.128797915310213	NoSignificant	NA
-Mo_Zn66	NB_-Mo_Zn66	NB	-Mo	0.0770972886825193	0.202898358080328	273	-0.322347008540447	0.476541585905485	Zn66	0.736113240728719	0.140080563187619	NoSignificant	0.020442967408087	0.0530131188718189	0.669068347329509	NoSignificant	NA
-Mo_Zn66	SynCom_-Mo_Zn66	SynCom	-Mo	-0.59197105864699	0.202898358080328	273	-0.991415355869956	-0.192526761424024	Zn66	0.984386229072984	0.0168484849032611	NoSignificant	0.020442967408087	0.0530131188718189	0.669068347329509	NoSignificant	NA
-P_As75	NB_-P_As75	NB	-P	0.940232990972628	0.276900265002113	273	0.395101759743873	1.48536422220138	As75	0.0041712338078003	-1.0447880986818	Up	0.00447490330096423	0.0139158578261693	1.12247389234667	Significant	*
-P_As75	SynCom_-P_As75	SynCom	-P	-0.182240901374038	0.276900265002113	273	-0.727372132602793	0.362890329854718	As75	0.710606389932461	-0.204503655184255	NoSignificant	0.00447490330096423	0.0139158578261693	1.12247389234667	Significant	*
-P_B11	SynCom_-P_B11	SynCom	-P	-1.07594522987875	0.231331265952819	273	-1.5313651545567	-0.620525305200794	B11	0.324764897600406	0.358194868881239	NoSignificant	0.0184782968500176	0.0485769659459226	0.775384041924855	Significant	*
-P_B11	NB_-P_B11	NB	-P	-0.30056118795389	0.231331265952819	273	-0.755981112631841	0.154858736724061	B11	0.126785543384717	0.510545439625277	NoSignificant	0.0184782968500176	0.0485769659459226	0.775384041924855	Significant	*
-P_Ca43	SynCom_-P_Ca43	SynCom	-P	1.39558869407752	0.109803476494313	273	1.17941951007878	1.61175787807626	Ca43	0.115000622768287	-0.248890063971149	NoSignificant	4.47975675025633e-25	7.61558647543575e-24	-1.7790989596849	Significant	*
-P_Ca43	NB_-P_Ca43	NB	-P	-0.383510265607377	0.109803476494313	273	-0.59967944960612	-0.167341081608635	Ca43	0.598221391637519	-0.105130181942747	NoSignificant	4.47975675025633e-25	7.61558647543575e-24	-1.7790989596849	Significant	*
-P_Cd111	SynCom_-P_Cd111	SynCom	-P	-0.264568656508545	0.312018266941039	273	-0.87883640385842	0.34969909084133	Cd111	0.85270096139735	0.129791118948158	NoSignificant	0.895948722351276	0.961291406169321	0.0577621674592094	NoSignificant	NA
-P_Cd111	NB_-P_Cd111	NB	-P	-0.206806489049336	0.312018266941039	273	-0.821074236399211	0.407461258300539	Cd111	0.974248882098068	0.0370300853171299	NoSignificant	0.895948722351276	0.961291406169321	0.0577621674592094	NoSignificant	NA
-P_Co59	NB_-P_Co59	NB	-P	-0.216519849755367	0.195183161525458	273	-0.600775304175687	0.167735604664953	Co59	0.573797744159025	0.194342258736324	NoSignificant	0.202126099816659	0.351201845334876	0.352931043540585	NoSignificant	NA
-P_Co59	SynCom_-P_Co59	SynCom	-P	-0.569450893295952	0.195183161525458	273	-0.953706347716272	-0.185195438875631	Co59	0.695809753030336	0.149872768489718	NoSignificant	0.202126099816659	0.351201845334876	0.352931043540585	NoSignificant	NA
-P_Cu63	SynCom_-P_Cu63	SynCom	-P	0.155311062713147	0.164475822550593	273	-0.168491110801143	0.479113236227437	Cu63	0.340694579002653	-0.247683467587345	NoSignificant	0.0221660255645608	0.0567124065447794	-0.53513764995153	NoSignificant	NA
-P_Cu63	NB_-P_Cu63	NB	-P	-0.379826587238384	0.164475822550593	273	-0.703628760752673	-0.0560244137240936	Cu63	0.292271012314661	0.268514327473662	NoSignificant	0.0221660255645608	0.0567124065447794	-0.53513764995153	NoSignificant	NA
-P_Fe56	SynCom_-P_Fe56	SynCom	-P	-0.0878625846822167	0.15477847614874	273	-0.392573673600927	0.216848504236494	Fe56	0.807358182595408	-0.0823417142955457	NoSignificant	0.108676887112672	0.21372189882055	0.352289010017474	NoSignificant	NA
-P_Fe56	NB_-P_Fe56	NB	-P	0.264426425335258	0.15477847614874	273	-0.0402846635834529	0.569137514253968	Fe56	0.736333907300458	-0.106298629288341	NoSignificant	0.108676887112672	0.21372189882055	0.352289010017474	NoSignificant	NA
-P_K39	SynCom_-P_K39	SynCom	-P	0.57316954131989	0.0641166141784583	273	0.446943700297111	0.69939538234267	K39	0.01456650562094	-0.210913553869082	Up	7.17177515159334e-06	3.3302649202086e-05	-0.415012446188499	Significant	*
-P_K39	NB_-P_K39	NB	-P	0.158157095131391	0.0641166141784583	273	0.0319312541086124	0.28438293615417	K39	0.116708929358651	0.144667896521278	NoSignificant	7.17177515159334e-06	3.3302649202086e-05	-0.415012446188499	Significant	*
-P_Mg24	NB_-P_Mg24	NB	-P	0.217987702489211	0.1014254996784	273	0.0183121712387939	0.417663233739628	Mg24	0.984386229072984	0.00717022857534347	NoSignificant	0.117750399921487	0.227690460418159	0.225087529692655	NoSignificant	NA
-P_Mg24	SynCom_-P_Mg24	SynCom	-P	-0.00709982720344448	0.1014254996784	273	-0.206775358453862	0.192575704046973	Mg24	0.0466932032363493	-0.27962540000146	Up	0.117750399921487	0.227690460418159	0.225087529692655	NoSignificant	NA
-P_Mn55	SynCom_-P_Mn55	SynCom	-P	0.0979781521938495	0.0995171552920687	273	-0.097940437455513	0.293896741843212	Mn55	0.111438454000595	0.22802747821368	NoSignificant	0.115207913601868	0.22369049214576	-0.222401786860439	NoSignificant	NA
-P_Mn55	NB_-P_Mn55	NB	-P	-0.12442363466659	0.0995171552920687	273	-0.320342224315952	0.071494954982773	Mn55	0.352913764201338	0.146197390020595	NoSignificant	0.115207913601868	0.22369049214576	-0.222401786860439	NoSignificant	NA
-P_Mo98	SynCom_-P_Mo98	SynCom	-P	0.516047870194193	0.180976982563651	273	0.159760001245293	0.872335739143093	Mo98	0.807358182595408	-0.0961269208464968	NoSignificant	0.0721603994696345	0.152916081978588	-0.461998045166474	NoSignificant	NA
-P_Mo98	NB_-P_Mo98	NB	-P	0.0540498250277187	0.180976982563651	273	-0.302238043921181	0.410337693976618	Mo98	0.508556428327106	-0.203481236911657	NoSignificant	0.0721603994696345	0.152916081978588	-0.461998045166474	NoSignificant	NA
-P_Na23	SynCom_-P_Na23	SynCom	-P	-0.331719785686641	0.0660699072171633	273	-0.461791058345723	-0.201648513027559	Na23	0.833342317467453	-0.0302822332110109	NoSignificant	0.725192332129565	0.854687743541157	0.0328795180334371	NoSignificant	NA
-P_Na23	NB_-P_Na23	NB	-P	-0.298840267653204	0.0660699072171633	273	-0.428911540312286	-0.168768994994122	Na23	0.984386229072984	0.00492018731368681	NoSignificant	0.725192332129565	0.854687743541157	0.0328795180334371	NoSignificant	NA
-P_P31	NB_-P_P31	NB	-P	0.772750281690818	0.137646659024764	273	0.501766457575945	1.04373410580569	P31	0.0504430900061264	-0.374025808678446	NoSignificant	0.000670687998290251	0.00235356109491763	0.669801661090711	Significant	*
-P_P31	SynCom_-P_P31	SynCom	-P	0.102948620600107	0.137646659024764	273	-0.168035203514767	0.37393244471498	P31	7.52884584024515e-05	-0.696753113535613	Up	0.000670687998290251	0.00235356109491763	0.669801661090711	Significant	*
-P_Rb85	NB_-P_Rb85	NB	-P	-0.0223248585836678	0.107636383874041	273	-0.234227705501561	0.189577988334226	Rb85	0.0905300271944021	0.259639507391443	NoSignificant	0.000186726645125539	0.000717818510155967	-0.576635094954347	Significant	*
-P_Rb85	SynCom_-P_Rb85	SynCom	-P	0.554310236370679	0.107636383874041	273	0.342407389452785	0.766213083288573	Rb85	0.184805541491224	-0.211236793768273	NoSignificant	0.000186726645125539	0.000717818510155967	-0.576635094954347	Significant	*
-P_S34	NB_-P_S34	NB	-P	-0.472833029677101	0.198959505313296	273	-0.864522940466005	-0.0811431188881964	S34	0.178008586564151	0.39574488515076	NoSignificant	0.00476933784132855	0.0146527849342022	-0.800658891108391	Significant	*
-P_S34	SynCom_-P_S34	SynCom	-P	0.327825861431291	0.198959505313296	273	-0.0638640493576133	0.719515772220195	S34	0.623958585831407	-0.17971841886605	NoSignificant	0.00476933784132855	0.0146527849342022	-0.800658891108391	Significant	*
-P_Sr88	SynCom_-P_Sr88	SynCom	-P	-0.49752603679472	0.204366466581547	273	-0.899860586920987	-0.0951914866684539	Sr88	0.325513839239985	0.315357957253927	NoSignificant	0.704154951838538	0.843002407130644	-0.109860268730645	NoSignificant	NA
-P_Sr88	NB_-P_Sr88	NB	-P	-0.607386305525365	0.204366466581547	273	-1.00972085565163	-0.205051755399099	Sr88	0.231102195359131	0.367817592249916	NoSignificant	0.704154951838538	0.843002407130644	-0.109860268730645	NoSignificant	NA
-P_Zn66	SynCom_-P_Zn66	SynCom	-P	-0.672624132543204	0.202898358080328	273	-1.07206842976617	-0.273179835320238	Zn66	0.824146435947165	0.0975015587994752	NoSignificant	0.0093214856813945	0.0267076275141078	0.751394961032011	Significant	*
-P_Zn66	NB_-P_Zn66	NB	-P	0.0787708284888068	0.202898358080328	273	-0.320673468734159	0.478215125711773	Zn66	0.737336174271765	0.138407023381331	NoSignificant	0.0093214856813945	0.0267076275141078	0.751394961032011	Significant	*
-Zn_As75	NB_-Zn_As75	NB	-Zn	0.373278740769449	0.276900265002112	273	-0.171852490459306	0.918409971998204	As75	0.256426752908893	-0.477833848478619	NoSignificant	0.0108065918995131	0.0305056930004705	1.00503302350653	Significant	*
-Zn_As75	SynCom_-Zn_As75	SynCom	-Zn	-0.631754282737085	0.276900265002113	273	-1.17688551396584	-0.0866230515083289	As75	0.634159408025434	0.245009726178792	NoSignificant	0.0108065918995131	0.0305056930004705	1.00503302350653	Significant	*
-Zn_B11	NB_-Zn_B11	NB	-Zn	0.360772113740897	0.231331265952819	273	-0.0946478109370547	0.816192038418848	B11	0.756912039340649	-0.15078786206951	NoSignificant	0.00771244750471423	0.0225191692408641	0.878175211593183	Significant	*
-Zn_B11	SynCom_-Zn_B11	SynCom	-Zn	-0.517403097852287	0.231331265952819	273	-0.972823022530238	-0.0619831731743348	B11	0.642998655068236	-0.20034726314522	NoSignificant	0.00771244750471423	0.0225191692408641	0.878175211593183	Significant	*
-Zn_Ca43	SynCom_-Zn_Ca43	SynCom	-Zn	1.49808778757236	0.109803476494313	273	1.28191860357362	1.7142569715711	Ca43	0.0180359549029143	-0.351389157465992	Up	6.63963026021482e-31	1.69310571635478e-29	-2.04098308926296	Significant	*
-Zn_Ca43	NB_-Zn_Ca43	NB	-Zn	-0.542895301690599	0.109803476494313	273	-0.759064485689342	-0.326726117691857	Ca43	0.820233865530808	0.054254854140475	NoSignificant	6.63963026021482e-31	1.69310571635478e-29	-2.04098308926296	Significant	*
-Zn_Cd111	SynCom_-Zn_Cd111	SynCom	-Zn	0.164376449929822	0.312018266941039	273	-0.449891297420053	0.778644197279697	Cd111	0.598221391637519	-0.299153987490209	NoSignificant	0.625871121967353	0.796657917312854	0.215379032988553	NoSignificant	NA
-Zn_Cd111	NB_-Zn_Cd111	NB	-Zn	0.379755482918375	0.312018266941039	273	-0.2345122644315	0.99402323026825	Cd111	0.243496532365713	-0.549531886650581	NoSignificant	0.625871121967353	0.796657917312854	0.215379032988553	NoSignificant	NA
-Zn_Co59	NB_-Zn_Co59	NB	-Zn	1.98499656010545	0.195183161525458	273	1.60074110568513	2.36925201452577	Co59	7.67698770623647e-16	-2.00717415112449	Up	0.00157437871508137	0.00519137809067781	0.8812869813554	Significant	*
-Zn_Co59	SynCom_-Zn_Co59	SynCom	-Zn	1.10370957875005	0.195183161525458	273	0.719454124329727	1.48796503317037	Co59	6.06230491652886e-10	-1.52328770355628	Up	0.00157437871508137	0.00519137809067781	0.8812869813554	Significant	*
-Zn_Cu63	NB_-Zn_Cu63	NB	-Zn	0.0746262342176411	0.164475822550593	273	-0.249175939296649	0.398428407731931	Cu63	0.506550076415726	-0.185938493982363	NoSignificant	0.537287516420021	0.727477787719144	0.143679632128008	NoSignificant	NA
-Zn_Cu63	SynCom_-Zn_Cu63	SynCom	-Zn	-0.0690533979103666	0.164475822550593	273	-0.392855571424657	0.254748775603923	Cu63	0.962778844941924	-0.0233190069638312	NoSignificant	0.537287516420021	0.727477787719144	0.143679632128008	NoSignificant	NA
-Zn_Fe56	SynCom_-Zn_Fe56	SynCom	-Zn	0.76508912182152	0.15477847614874	273	0.460378032902809	1.06980021074023	Fe56	1.80417948807522e-06	-0.935293420799282	Up	0.10799303774461	0.213474609495159	0.35297545403886	NoSignificant	NA
-Zn_Fe56	NB_-Zn_Fe56	NB	-Zn	1.11806457586038	0.15477847614874	273	0.813353486941669	1.42277566477909	Fe56	9.43069223564908e-07	-0.959936779813462	Up	0.10799303774461	0.213474609495159	0.35297545403886	NoSignificant	NA
-Zn_K39	SynCom_-Zn_K39	SynCom	-Zn	0.541562800826834	0.0641166141784584	273	0.415336959804054	0.667788641849613	K39	0.0430408978436124	-0.179306813376025	Up	3.4108568446896e-05	0.000147418389050144	-0.382115420013669	Significant	*
-Zn_K39	NB_-Zn_K39	NB	-Zn	0.159447380813164	0.0641166141784583	273	0.0332215397903853	0.285673221835943	K39	0.120751796146091	0.143377610839505	NoSignificant	3.4108568446896e-05	0.000147418389050144	-0.382115420013669	Significant	*
-Zn_Mg24	NB_-Zn_Mg24	NB	-Zn	0.836588065547711	0.1014254996784	273	0.636912534297294	1.03626359679813	Mg24	1.9048439112545e-06	-0.611430134483156	Up	0.64987687404933	0.809700014084264	0.0651829376686747	NoSignificant	NA
-Zn_Mg24	SynCom_-Zn_Mg24	SynCom	-Zn	0.771405127879036	0.1014254996784	273	0.571729596628619	0.971080659129453	Mg24	3.27803912167011e-16	-1.05813035508394	Up	0.64987687404933	0.809700014084264	0.0651829376686747	NoSignificant	NA
-Zn_Mn55	NB_-Zn_Mn55	NB	-Zn	0.076024761507203	0.0995171552920687	273	-0.11989382814216	0.271943351156566	Mn55	0.804420891202476	-0.0542510061531976	NoSignificant	0.00150341614375038	0.00500049282595236	-0.451279788993226	Significant	*
-Zn_Mn55	SynCom_-Zn_Mn55	SynCom	-Zn	0.527304550500429	0.0995171552920687	273	0.331385960851066	0.723223140149792	Mn55	0.169174284738039	-0.201298920092899	NoSignificant	0.00150341614375038	0.00500049282595236	-0.451279788993226	Significant	*
-Zn_Mo98	NB_-Zn_Mo98	NB	-Zn	-0.107694070109685	0.180976982563651	273	-0.463981939058585	0.248593798839215	Mo98	0.938107380532529	-0.0417373417742533	NoSignificant	0.0359717402484025	0.0870834850950251	-0.539435941976735	NoSignificant	NA
-Zn_Mo98	SynCom_-Zn_Mo98	SynCom	-Zn	0.43174187186705	0.180976982563652	273	0.0754540029181505	0.78802974081595	Mo98	0.984532283119653	-0.0118209225193544	NoSignificant	0.0359717402484025	0.0870834850950251	-0.539435941976735	NoSignificant	NA
-Zn_Na23	SynCom_-Zn_Na23	SynCom	-Zn	-0.36128948044026	0.0660699072171634	273	-0.491360753099342	-0.231218207781178	Na23	0.993854043126718	-0.000712538457391339	NoSignificant	0.668028188692359	0.820233865530808	0.0401144571398562	NoSignificant	NA
-Zn_Na23	NB_-Zn_Na23	NB	-Zn	-0.321175023300404	0.0660699072171633	273	-0.451246295959486	-0.191103750641322	Na23	0.854029752923781	0.0272549429608873	NoSignificant	0.668028188692359	0.820233865530808	0.0401144571398562	NoSignificant	NA
-Zn_P31	SynCom_-Zn_P31	SynCom	-Zn	-0.234951859223226	0.137646659024764	273	-0.5059356833381	0.0360319648916474	P31	0.0624865551311969	-0.35885263371228	NoSignificant	0.0269660741414258	0.0674151853535645	0.432929348156855	NoSignificant	NA
-Zn_P31	NB_-Zn_P31	NB	-Zn	0.197977488933629	0.137646659024764	273	-0.0730063351812445	0.468961313048502	P31	0.356789754235227	0.200746984078743	NoSignificant	0.0269660741414258	0.0674151853535645	0.432929348156855	NoSignificant	NA
-Zn_Rb85	SynCom_-Zn_Rb85	SynCom	-Zn	0.539800385461635	0.107636383874041	273	0.327897538543741	0.751703232379528	Rb85	0.223109547609664	-0.196726942859229	NoSignificant	0.000376695325637429	0.00135930152883318	-0.548121105870827	Significant	*
-Zn_Rb85	NB_-Zn_Rb85	NB	-Zn	-0.00832072040919232	0.107636383874041	273	-0.220223567327086	0.203582126508701	Rb85	0.111841053659314	0.245635369216967	NoSignificant	0.000376695325637429	0.00135930152883318	-0.548121105870827	Significant	*
-Zn_S34	NB_-Zn_S34	NB	-Zn	-0.21801244273768	0.198959505313296	273	-0.609702353526584	0.173677468051224	S34	0.729092797083015	0.14092429821134	NoSignificant	0.00830864601147938	0.0241677345961282	-0.748067040888108	Significant	*
-Zn_S34	SynCom_-Zn_S34	SynCom	-Zn	0.530054598150428	0.198959505313297	273	0.138364687361523	0.921744508939332	S34	0.197431582144232	-0.381947155585186	NoSignificant	0.00830864601147938	0.0241677345961282	-0.748067040888108	Significant	*
-Zn_Sr88	SynCom_-Zn_Sr88	SynCom	-Zn	-0.300114237376457	0.204366466581547	273	-0.702448787502724	0.102220312749809	Sr88	0.792324663237262	0.117946157835664	NoSignificant	0.865640620908817	0.94796400005262	-0.0489474292253152	NoSignificant	NA
-Zn_Sr88	NB_-Zn_Sr88	NB	-Zn	-0.349061666601773	0.204366466581547	273	-0.751396216728039	0.0532728835244938	Sr88	0.807358182595408	0.109492953326323	NoSignificant	0.865640620908817	0.94796400005262	-0.0489474292253152	NoSignificant	NA
-Zn_Zn66	SynCom_-Zn_Zn66	SynCom	-Zn	-1.45309938061463	0.202898358080328	273	-1.8525436778376	-1.05365508339167	Zn66	0.000829743914182198	0.877976806870904	Down	0.429244097936431	0.618402513976214	0.227161256072169	NoSignificant	NA
-Zn_Zn66	NB_-Zn_Zn66	NB	-Zn	-1.22593812454246	0.202898358080328	273	-1.62538242176543	-0.826493827319498	Zn66	1.67242064639575e-08	1.4431159764126	Down	0.429244097936431	0.618402513976214	0.227161256072169	NoSignificant	NA
+NaCl_As75	SynCom_+NaCl_As75	SynCom	+NaCl	-0.138938457204509	0.3309591186628	273	-0.7904949006108	0.512617986201782	As75	0.692145051930721	-0.247806099353783	NoSignificant	0.508065426121191	0.696541310004858	-0.285977965517892	NoSignificant	NA
+NaCl_As75	NB_+NaCl_As75	NB	+NaCl	-0.424916422722401	0.276900265002113	273	-0.970047653951157	0.120214808506355	As75	0.493290614600677	0.320361315013231	NoSignificant	0.508065426121191	0.696541310004858	-0.285977965517892	NoSignificant	NA
+NaCl_B11	NB_+NaCl_B11	NB	+NaCl	0.766124195516347	0.231331265952819	273	0.310704270838395	1.2215441201943	B11	0.091785563535622	-0.55613994384496	NoSignificant	0.000254281784775865	0.00094890519684652	-1.33626204733031	Significant	*
+NaCl_B11	SynCom_+NaCl_B11	SynCom	+NaCl	2.10238624284666	0.276493747300353	273	1.55805531961066	2.64671716608266	B11	1.2075732841901e-16	-2.82013660384416	Up	0.000254281784775865	0.00094890519684652	-1.33626204733031	Significant	*
+NaCl_Ca43	SynCom_+NaCl_Ca43	SynCom	+NaCl	-0.300013083716611	0.131240256510379	273	-0.558384676888379	-0.0416414905448431	Ca43	6.72856900075476e-19	1.44671171382298	Down	2.29746123952527e-10	1.57262979333163e-09	-1.12716193813122	Significant	*
+NaCl_Ca43	NB_+NaCl_Ca43	NB	+NaCl	-1.42717502184783	0.109803476494313	273	-1.64334420584657	-1.21100583784909	Ca43	1.39649308714656e-11	0.938534574297704	Down	2.29746123952527e-10	1.57262979333163e-09	-1.12716193813122	Significant	*
+NaCl_Cd111	SynCom_+NaCl_Cd111	SynCom	+NaCl	0.684175673982763	0.372933159282866	273	-0.0500147114411987	1.41836605940673	Cd111	0.111841053659314	-0.81895321154315	NoSignificant	0.0912773972873725	0.18620589046624	-0.824027882863077	NoSignificant	NA
+NaCl_Cd111	NB_+NaCl_Cd111	NB	+NaCl	-0.139852208880313	0.312018266941039	273	-0.754119956230189	0.474415538469562	Cd111	0.984386229072984	-0.0299241948518925	NoSignificant	0.0912773972873725	0.18620589046624	-0.824027882863077	NoSignificant	NA
+NaCl_Co59	SynCom_+NaCl_Co59	SynCom	+NaCl	0.997131246692757	0.233288498715563	273	0.537858134276803	1.45640435910871	Co59	5.81756333907684e-07	-1.41670937149899	Up	0.690313273568476	0.833342317467453	0.12131953042083	NoSignificant	NA
+NaCl_Co59	NB_+NaCl_Co59	NB	+NaCl	1.11845077711359	0.195183161525458	273	0.734195322693267	1.50270623153391	Co59	3.9410372031869e-06	-1.14062836813263	Up	0.690313273568476	0.833342317467453	0.12131953042083	NoSignificant	NA
+NaCl_Cu63	NB_+NaCl_Cu63	NB	+NaCl	0.0565773799545577	0.164475822550593	273	-0.267224793559732	0.380379553468848	Cu63	0.559626909943425	-0.16788963971928	NoSignificant	0.00672805296339901	0.020184158890197	-0.699968435902175	Significant	*
+NaCl_Cu63	SynCom_+NaCl_Cu63	SynCom	+NaCl	0.756545815856733	0.196586208656276	273	0.369528194307794	1.14356343740567	Cu63	0.000507770144459107	-0.848918220730931	Up	0.00672805296339901	0.020184158890197	-0.699968435902175	Significant	*
+NaCl_Fe56	NB_+NaCl_Fe56	NB	+NaCl	1.53851913646393	0.15477847614874	273	1.23380804754522	1.84323022538264	Fe56	1.85363609206608e-12	-1.38039134041701	Up	5.67274259665961e-17	5.86438930600622e-16	2.15833218779901	Significant	*
+NaCl_Fe56	SynCom_+NaCl_Fe56	SynCom	+NaCl	-0.619813051335083	0.184995662802155	273	-0.984012462392162	-0.255613640278004	Fe56	0.0729983786857337	0.44960875235732	NoSignificant	5.67274259665961e-17	5.86438930600622e-16	2.15833218779901	Significant	*
+NaCl_K39	SynCom_+NaCl_K39	SynCom	+NaCl	-1.67530465172515	0.0766340115997486	273	-1.82617338815287	-1.52443591529743	K39	4.8395557058251e-67	2.03756063917596	Down	0.234496310687099	0.388289345618248	0.119051867948162	NoSignificant	NA
+NaCl_K39	NB_+NaCl_K39	NB	+NaCl	-1.55625278377699	0.0641166141784584	273	-1.68247862479977	-1.43002694275421	K39	7.05664303629309e-71	1.85907777542966	Down	0.234496310687099	0.388289345618248	0.119051867948162	NoSignificant	NA
+NaCl_Mg24	SynCom_+NaCl_Mg24	SynCom	+NaCl	-2.65153460975586	0.12122665893166	273	-2.8901925172904	-2.41287670222131	Mg24	3.56404071763797e-45	2.36480938255095	Down	0.104009622889762	0.207747680184511	0.257821502623875	NoSignificant	NA
+NaCl_Mg24	NB_+NaCl_Mg24	NB	+NaCl	-2.39371310713198	0.1014254996784	273	-2.5933886383824	-2.19403757588156	Mg24	8.25942604844185e-62	2.61887103819654	Down	0.104009622889762	0.207747680184511	0.257821502623875	NoSignificant	NA
+NaCl_Mn55	SynCom_+NaCl_Mn55	SynCom	+NaCl	-0.365885334304046	0.118945751124654	273	-0.600052837753409	-0.131717830854682	Mn55	1.78259023963166e-06	0.691890964711576	Down	0.014871309664444	0.0399737519535635	-0.380124441190123	Significant	*
+NaCl_Mn55	NB_+NaCl_Mn55	NB	+NaCl	-0.746009775494169	0.0995171552920688	273	-0.941928365143532	-0.550091185844806	Mn55	9.21171106954743e-10	0.767783530848174	Down	0.014871309664444	0.0399737519535635	-0.380124441190123	Significant	*
+NaCl_Mo98	NB_+NaCl_Mo98	NB	+NaCl	-0.236797434587084	0.180976982563652	273	-0.593085303535984	0.119490434361816	Mo98	0.824146435947165	0.0873660227031456	NoSignificant	0.0614938157435094	0.134024983030726	-0.529560538026383	NoSignificant	NA
+NaCl_Mo98	SynCom_+NaCl_Mo98	SynCom	+NaCl	0.292763103439299	0.216308867191088	273	-0.133082350687209	0.718608557565807	Mo98	0.77539689638726	0.127157845908397	NoSignificant	0.0614938157435094	0.134024983030726	-0.529560538026383	NoSignificant	NA
+NaCl_Na23	SynCom_+NaCl_Na23	SynCom	+NaCl	2.11736473902851	0.0789686433220225	273	1.96189983269384	2.27282964536318	Na23	5.6507352340627e-81	-2.47936675792616	Up	1.7943837180255e-27	3.71000957916083e-26	1.2518581001531	Significant	*
+NaCl_Na23	NB_+NaCl_Na23	NB	+NaCl	3.36922283918161	0.0660699072171634	273	3.23915156652253	3.49929411184069	Na23	2.99402238151578e-132	-3.66314291952113	Up	1.7943837180255e-27	3.71000957916083e-26	1.2518581001531	Significant	*
+NaCl_P31	SynCom_+NaCl_P31	SynCom	+NaCl	-2.91661852810658	0.164519224845694	273	-3.24050614735551	-2.59273090885764	P31	4.94302112861438e-28	2.32281403517107	Down	1.03348125835418e-08	6.480435759352e-08	1.26710093361001	Significant	*
+NaCl_P31	NB_+NaCl_P31	NB	+NaCl	-1.64951759449657	0.137646659024764	273	-1.92050141861144	-1.37853377038169	P31	1.30196329500515e-28	2.04824206750894	Down	1.03348125835418e-08	6.480435759352e-08	1.26710093361001	Significant	*
+NaCl_Rb85	SynCom_+NaCl_Rb85	SynCom	+NaCl	-2.61170829656931	0.128650085411553	273	-2.86498064160499	-2.35843595153364	Rb85	4.43958753589992e-56	2.95478173917172	Down	0.0586392338964058	0.129650329279626	0.318510580672722	NoSignificant	NA
+NaCl_Rb85	NB_+NaCl_Rb85	NB	+NaCl	-2.29319771589659	0.107636383874041	273	-2.50510056281448	-2.0812948689787	Rb85	5.21668795338721e-55	2.53051236470437	Down	0.0586392338964058	0.129650329279626	0.318510580672722	NoSignificant	NA
+NaCl_S34	NB_+NaCl_S34	NB	+NaCl	0.77337358958	0.198959505313297	273	0.381683678791095	1.1650635003689	S34	0.000956776150136521	-0.85046173410634	Up	0.363745385863102	0.545618078794654	-0.282080196677549	NoSignificant	NA
+NaCl_S34	SynCom_+NaCl_S34	SynCom	+NaCl	1.05545378625755	0.23780209284947	273	0.587294798895014	1.52361277362008	S34	0.00238575729191037	-0.907346343692307	Up	0.363745385863102	0.545618078794654	-0.282080196677549	NoSignificant	NA
+NaCl_Sr88	SynCom_+NaCl_Sr88	SynCom	+NaCl	3.15724142403526	0.244264647646846	273	2.67635965920066	3.63812318886986	Sr88	1.13898237308533e-26	-3.33940950357605	Up	2.48895768323085e-07	1.38981943625664e-06	-1.68536574020831	Significant	*
+NaCl_Sr88	NB_+NaCl_Sr88	NB	+NaCl	1.47187568382695	0.204366466581547	273	1.06954113370069	1.87421023395322	Sr88	3.33845011952261e-11	-1.7114443971024	Up	2.48895768323085e-07	1.38981943625664e-06	-1.68536574020831	Significant	*
+NaCl_Zn66	SynCom_+NaCl_Zn66	SynCom	+NaCl	0.111465235797894	0.242509922364582	273	-0.365962016078466	0.588892487674253	Zn66	0.0316615545990434	-0.686587809541622	Up	0.935762669485055	0.984386229072984	0.0255077216494374	NoSignificant	NA
+NaCl_Zn66	NB_+NaCl_Zn66	NB	+NaCl	0.136972957447331	0.202898358080328	273	-0.262471339775635	0.536417254670297	Zn66	0.856661059441672	0.0802048944228073	NoSignificant	0.935762669485055	0.984386229072984	0.0255077216494374	NoSignificant	NA
Full_As75	SynCom_Full_As75	SynCom	Full	-0.386744556558292	0.159868442537648	273	-0.701476219651886	-0.0720128934646984	As75	NA	NA	NA	0.213049493458295	0.361445341036679	0.282189448849122	NoSignificant	NA
Full_As75	NB_Full_As75	NB	Full	-0.10455510770917	0.159868442537648	273	-0.419286770802764	0.210176555384424	As75	NA	NA	NA	0.213049493458295	0.361445341036679	0.282189448849122	NoSignificant	NA
Full_B11	NB_Full_B11	NB	Full	0.209984251671387	0.133559168669837	273	-0.0529525644357473	0.472921067778521	B11	NA	NA	NA	1.55715278175767e-06	7.68530243899753e-06	0.927734612668893	Significant	*
Full_B11	SynCom_Full_B11	SynCom	Full	-0.717750360997506	0.133559168669837	273	-0.980687177104641	-0.454813544890372	B11	NA	NA	NA	1.55715278175767e-06	7.68530243899753e-06	0.927734612668893	Significant	*
Full_Ca43	NB_Full_Ca43	NB	Full	-0.488640447550124	0.0633950667119481	273	-0.6134457841223	-0.363835110977949	Ca43	NA	NA	NA	3.70400995850642e-49	1.49135137803022e-47	-1.63533907765649	Significant	*
Full_Ca43	SynCom_Full_Ca43	SynCom	Full	1.14669863010637	0.0633950667119481	273	1.02189329353419	1.27150396667855	Ca43	NA	NA	NA	3.70400995850642e-49	1.49135137803022e-47	-1.63533907765649	Significant	*
Full_Cd111	NB_Full_Cd111	NB	Full	-0.169776403732206	0.180143830410489	273	-0.524424053019161	0.184871245554749	Cd111	NA	NA	NA	0.890832685162651	0.959883440260711	-0.0349988661718192	NoSignificant	NA
Full_Cd111	SynCom_Full_Cd111	SynCom	Full	-0.134777537560387	0.18014383041049	273	-0.489425186847342	0.219870111726569	Cd111	NA	NA	NA	0.890832685162651	0.959883440260711	-0.0349988661718192	NoSignificant	NA
Full_Co59	SynCom_Full_Co59	SynCom	Full	-0.419578124806234	0.112689050848005	273	-0.641428114853388	-0.19772813475908	Co59	NA	NA	NA	0.0132367214113718	0.0364247909341705	0.397400533787191	Significant	*
Full_Co59	NB_Full_Co59	NB	Full	-0.0221775910190424	0.112689050848005	273	-0.244027581066196	0.199672399028111	Co59	NA	NA	NA	0.0132367214113718	0.0364247909341705	0.397400533787191	Significant	*
Full_Cu63	SynCom_Full_Cu63	SynCom	Full	-0.0923724048741979	0.0949601604247699	273	-0.279319676916859	0.0945748671684633	Cu63	NA	NA	NA	0.88794801836627	0.959435358827961	-0.0189398548905241	NoSignificant	NA
Full_Cu63	NB_Full_Cu63	NB	Full	-0.111312259764722	0.0949601604247699	273	-0.298259531807383	0.0756350122779392	Cu63	NA	NA	NA	0.88794801836627	0.959435358827961	-0.0189398548905241	NoSignificant	NA
Full_Fe56	NB_Full_Fe56	NB	Full	0.158127796046917	0.0893613948692352	273	-0.0177972331653647	0.334052825259198	Fe56	NA	NA	NA	0.00988435207165668	0.0282146616970797	0.328332095024679	Significant	*
Full_Fe56	SynCom_Full_Fe56	SynCom	Full	-0.170204298977762	0.0893613948692352	273	-0.346129328190044	0.00572073023451916	Fe56	NA	NA	NA	0.00988435207165668	0.0282146616970797	0.328332095024679	Significant	*
Full_K39	NB_Full_K39	NB	Full	0.302824991652669	0.0370177444554603	273	0.229948468359481	0.375701514945857	K39	NA	NA	NA	0.257270071233301	0.418748094666969	-0.05943099579814	NoSignificant	NA
Full_K39	SynCom_Full_K39	SynCom	Full	0.362255987450809	0.0370177444554603	273	0.289379464157621	0.435132510743997	K39	NA	NA	NA	0.257270071233301	0.418748094666969	-0.05943099579814	NoSignificant	NA
Full_Mg24	SynCom_Full_Mg24	SynCom	Full	-0.286725227204905	0.0585580395420167	273	-0.402007948922915	-0.171442505486895	Mg24	NA	NA	NA	2.30842994126016e-09	1.49656686869832e-08	0.511883158269459	Significant	*
Full_Mg24	NB_Full_Mg24	NB	Full	0.225157931064554	0.0585580395420167	273	0.109875209346545	0.340440652782564	Mg24	NA	NA	NA	2.30842994126016e-09	1.49656686869832e-08	0.511883158269459	Significant	*
Full_Mn55	SynCom_Full_Mn55	SynCom	Full	0.32600563040753	0.0574562563968617	273	0.212891979934219	0.439119280880841	Mn55	NA	NA	NA	0.000220754393818128	0.000836025303321128	-0.304231875053525	Significant	*
Full_Mn55	NB_Full_Mn55	NB	Full	0.0217737553540054	0.0574562563968616	273	-0.0913398951193059	0.134887405827317	Mn55	NA	NA	NA	0.000220754393818128	0.000836025303321128	-0.304231875053525	Significant	*
Full_Mo98	NB_Full_Mo98	NB	Full	-0.149431411883938	0.10448710960025	273	-0.355134308930584	0.0562714851627071	Mo98	NA	NA	NA	0.000145468600428752	0.000571620620778327	-0.569352361231634	Significant	*
Full_Mo98	SynCom_Full_Mo98	SynCom	Full	0.419920949347696	0.10448710960025	273	0.214218052301051	0.625623846394341	Mo98	NA	NA	NA	0.000145468600428752	0.000571620620778327	-0.569352361231634	Significant	*
Full_Na23	NB_Full_Na23	NB	Full	-0.293920080339517	0.0381454787171628	273	-0.369016764623075	-0.218823396055959	Na23	NA	NA	NA	0.208010758678316	0.356789754235227	0.0680819385581348	NoSignificant	NA
Full_Na23	SynCom_Full_Na23	SynCom	Full	-0.362002018897652	0.0381454787171628	273	-0.43709870318121	-0.286905334614093	Na23	NA	NA	NA	0.208010758678316	0.356789754235227	0.0680819385581348	NoSignificant	NA
Full_P31	SynCom_Full_P31	SynCom	Full	-0.593804492935506	0.0794703356410002	273	-0.750257076734263	-0.43735190913675	P31	NA	NA	NA	1.28223579834734e-16	1.27390959186456e-15	0.992528965947879	Significant	*
Full_P31	NB_Full_P31	NB	Full	0.398724473012372	0.0794703356410002	273	0.242271889213616	0.555177056811129	P31	NA	NA	NA	1.28223579834734e-16	1.27390959186456e-15	0.992528965947879	Significant	*
Full_Rb85	SynCom_Full_Rb85	SynCom	Full	0.343073442602406	0.0621438952042754	273	0.220731276892312	0.4654156083125	Rb85	NA	NA	NA	0.229871540638718	0.383955739276461	-0.105758793794631	NoSignificant	NA
Full_Rb85	NB_Full_Rb85	NB	Full	0.237314648807775	0.0621438952042754	273	0.114972483097681	0.359656814517869	Rb85	NA	NA	NA	0.229871540638718	0.383955739276461	-0.105758793794631	NoSignificant	NA
Full_S34	NB_Full_S34	NB	Full	-0.0770881445263401	0.114869323950466	273	-0.303230419959174	0.149054130906494	S34	NA	NA	NA	0.166802437066022	0.304543829010756	-0.225195587091581	NoSignificant	NA
Full_S34	SynCom_Full_S34	SynCom	Full	0.148107442565241	0.114869323950467	273	-0.078034832867593	0.374249717998076	S34	NA	NA	NA	0.166802437066022	0.304543829010756	-0.225195587091581	NoSignificant	NA
Full_Sr88	NB_Full_Sr88	NB	Full	-0.239568713275449	0.117991034494189	273	-0.471856674095136	-0.00728075245576232	Sr88	NA	NA	NA	0.731114523453309	0.856661059441672	-0.0574006337346555	NoSignificant	NA
Full_Sr88	SynCom_Full_Sr88	SynCom	Full	-0.182168079540794	0.117991034494189	273	-0.414456040360481	0.0501198812788932	Sr88	NA	NA	NA	0.731114523453309	0.856661059441672	-0.0574006337346555	NoSignificant	NA
Full_Zn66	NB_Full_Zn66	NB	Full	0.217177851870138	0.11714342165581	273	-0.013441420657802	0.447797124398079	Zn66	NA	NA	NA	2.83544759789814e-06	1.39045987973851e-05	0.792300425613867	Significant	*
Full_Zn66	SynCom_Full_Zn66	SynCom	Full	-0.575122573743729	0.11714342165581	273	-0.805741846271669	-0.344503301215788	Zn66	NA	NA	NA	2.83544759789814e-06	1.39045987973851e-05	0.792300425613867	Significant	*
