Strains	Propidium_p.value	Propidium_Mean	Propidium_est	Propidium_ci	Propidium_p.adj	Suberin_p.value	Suberin_Mean	Suberin_est	Suberin_ci	Suberin_p.adj
EColi	0.334718133842868	0.0932644747296309	-0.0206458137491828	0.0339233347496223	0.473614774417119	0.0181247881409118	0.601280730837537	0.189879672687944	0.124292726363452	0.0282393702869637
EColi_Fluorescent	0.000758745227239862	0.0397805818776382	-0.0719076528262857	0.00994455441240025	0.0175354452517657	0.0103656205286711	0.444248882980688	0.118441396349671	0.0659314411311006	0.018271602287827
L1	0.0627219878177616	0.0680862202098908	-0.0433213433340331	0.0146115227248778	0.158456788180729	0.50649677009086	0.366894230769231	0.0271947311523782	0.0894909015344642	0.549310195324101
L10	0.208454540415196	0.0768662275685365	-0.0345413359753875	0.042925119048169	0.334189334697635	2.94380840295411e-08	1	0.660300500383147	0	6.87629272292041e-07
L100	0.00951283179303803	0.0579973219278553	-0.0549762153469106	0.0318866687161493	0.0599596670591488	0.0128651544958935	0.689773062186855	0.284621110736769	0.246125581735695	0.0215802591544021
L102	0.438415822769018	0.0974351519574358	-0.0273356255896485	0.0351169001329645	0.573525101483999	0.171786048509903	0.481793576577329	0.133237254850275	0.238754238801538	0.208956129181636
L104	0.117127370867252	0.0732979957611924	-0.0514727817858919	0.0233986605872424	0.230629147528829	0.0539507362887939	0.546294757522789	0.197738435795735	0.198112732334213	0.0757692806123883
L106	0.318914021262878	0.0907739495345546	-0.0339968280125297	0.0425863652552801	0.454343263169032	0.00601766639756872	0.657761059891547	0.309204738164493	0.183972060260623	0.011483253309122
L108	0.403793622896557	0.094908283921721	-0.0298624936253633	0.0391221816685352	0.538391497195409	0.0298828900081218	0.506974518749305	0.158418197022251	0.0321717640990201	0.0442394385885363
L11	0.0798101777978646	0.0661834233595941	-0.0452241401843299	0.0321532958209546	0.186522662718605	1.7357395362576e-09	1	0.660300500383147	0	6.01723039235969e-08
L111	4.67151531959974e-05	0.038195197779995	-0.064405523361203	0.00838471544636635	0.00242918796619187	0.000643807518751684	0.543593034698156	0.194231205823949	0.0777628137565892	0.00179747602550806
L112	0.179568798590039	0.0761482073264741	-0.0486225702206102	0.0256692022360409	0.301212178280065	0.185804667645679	0.436254229783642	0.0876979080565881	0.0916128520458276	0.224042729682905
L113	0.833963356499666	0.133712445695924	0.00894166814884004	0.0941877597439162	0.880529838334672	0.0233613351271854	0.607688172043011	0.259131850315957	0.249125287223877	0.0355982249557111
L117	0.600526195302995	0.1057657171878	-0.0190050603592841	0.0497146315924725	0.707702258487382	0.0236325035234274	0.534939570122957	0.186383248395904	0.12060818677945	0.0358800053494371
L119	0.412917134557185	0.0936389126420255	-0.0311318649050589	0.059098677305876	0.548797213980156	0.0873268813361965	0.471905773538455	0.123349451811402	0.0838196235005184	0.117187040760831
L121	0.176232741869667	0.0765054875695078	-0.0482652899775765	0.0146511898169109	0.298019596007242	0.00152760908670802	0.687176259717243	0.33861993799019	0.141382175456239	0.00373814929453257
L122	0.0981962528224943	0.063097058752789	-0.0616737187942953	0.0207471689177422	0.206857643706476	0.143512400739315	0.457322694897996	0.108766373170943	0.116855018654145	0.181462488472811
L123	0.0611350116816217	0.0632619099249186	-0.0615088676221657	0.0088486181844902	0.157251415217681	0.08698347977803	0.498745934486049	0.150189612758996	0.160685004051033	0.1171039727756
L125	0.683874584271273	0.109786278130021	-0.0149844994170633	0.055221436897937	0.777300073925818	0.0237224940939178	0.589421236658079	0.240864914931025	0.194251008099063	0.035885663792981
L126	0.00678129504066898	0.0426791425223063	-0.076727827489933	0.0102075147982999	0.0494915567880403	1.25787223380156e-08	0.914760162438181	0.584064220584147	0.0990204999724957	3.27046780788407e-07
L127	0.284259982389029	0.0811822392340645	-0.0380118120387341	0.0624793947431483	0.412028406529045	0.0151222087750587	0.510515736877155	0.163361247991299	0.107334150705649	0.0242889530904418
L129	0.725580049264104	0.114157059591743	-0.0106137179553411	0.022224915269772	0.809226006685972	0.00223549427502177	0.65142568526686	0.302869363539806	0.127821160671872	0.00507285098064343
L13	0.824508797652127	0.119042258636851	0.0043423687624821	0.0296111889169978	0.874988928120625	0.724159957712937	0.396667607653993	0.013582333565775	0.0388438417436612	0.764595285300969
L130	0.0308371320922636	0.0627719906240136	-0.0454769122945174	0.0370502462615223	0.107645124784513	0.219945025042915	0.611731297182635	0.0508791732755908	0.10319319706631	0.262169428131383
L131	0.267070534020231	0.0833220515751841	-0.0414487259719002	0.0470267000098141	0.396790507687201	0.000460437999883216	0.827579365079365	0.479023043352312	0.188833676224914	0.00136888191311204
L132	0.00106718310968446	0.0570752673607053	-0.0455254537804928	0.0189262423796661	0.0181378232424349	0.00381046391141601	0.759297423887588	0.409935595013381	0.275708579611847	0.00796559290024654
L137	7.95674620342264e-06	0.0378367906642059	-0.0647639304769921	0.00584264193458395	0.00206986173997134	0.000248920931084504	0.694246430137951	0.344884601263744	0.140170056123313	0.000841035120438006
L139	0.000307638484514452	0.0547299014532298	-0.0478708196879683	0.0141347191119619	0.0105297317561885	2.24265218903473e-09	1	0.650638171125793	6.89261979826974e-17	6.66388079027464e-08
L141	2.65140833661524e-05	0.0422462361011377	-0.0603544850400604	0.00993268337941111	0.00206986173997134	0.00851708326566488	0.530658927129515	0.181297098255308	0.131147938010967	0.0153381239762623
L145	0.249509150894094	0.123419947354257	0.0208192262130588	0.0433977183873828	0.37743929735252	0.00077913317040783	0.754639262885897	0.40527743401169	0.205232245911827	0.00205703821886678
L15	0.00502478162986126	0.0343779047180635	-0.0848161465547351	0.00833498229097268	0.0435481074587976	0.00420277113537763	0.561096220852318	0.213941731966463	0.136662902424555	0.00854585007732323
L151	0.0467590355153218	0.0779010392174151	-0.024699681923783	0.0238476218390859	0.129678391829159	2.24265218903473e-09	1	0.650638171125793	6.89261979826974e-17	6.66388079027464e-08
L154	0.135254385273872	0.0743925800490352	-0.0282081410921628	0.0440354226533403	0.252313113336013	0.000743837567491911	0.745760067467847	0.39639823859364	0.198720279001787	0.00200932745504308
L155	3.26329430831521e-05	0.0423810277969209	-0.0602196933442772	0.0109232386077033	0.00206986173997134	6.30148977435638e-05	0.730152005645427	0.38079017677122	0.124231427452151	0.000297888607515029
L159	0.899843339926347	0.0995923282989754	-0.00300839284222271	0.07972562219756	0.9288705444401	2.59119281216192e-05	0.9375	0.588138171125793	0.198902894080232	0.000149713362480467
L16	0.153120437198912	0.0790348159159586	-0.0323727476279654	0.0189006253246355	0.276948269020641	1.7357395362576e-09	1	0.660300500383147	0	6.01723039235969e-08
L160	0.21708995162794	0.0870049176961573	-0.0155958034450407	0.0333847391222432	0.343381824628225	0.0142709211997597	0.838815789473684	0.489453960599477	0.320498463461816	0.0233728473192916
L161	3.48294042783639e-05	0.0468187406232784	-0.0557819805179197	0.00826960233058685	0.00206986173997134	0.0540948950525945	0.430006135439834	0.0806443065656274	0.0770621918731249	0.0757692806123883
L164	0.0935762420628186	0.132302662196313	0.0297019410551148	0.0399351503323121	0.201698013979961	0.000332128495363301	0.909090909090909	0.559729080216702	0.252404100472527	0.00107941760993073
L167	0.000277920460498321	0.053669973526565	-0.0489307476146331	0.0151673418594038	0.0105104465061183	4.24694663832024e-06	0.921768707482993	0.572406878608786	0.127366963102928	4.01529500350277e-05
L168	0.144841358991129	0.066071123240699	-0.0592243308908359	0.0204456186015954	0.266610643098714	6.96826626193561e-05	0.952380952380952	0.588327996438771	0.122408658839824	0.000318549314831342
L17	0.580588784890044	0.0991292171673788	-0.0122783463765452	0.0248999530115489	0.690071241469309	3.7342649677326e-06	0.925775978407557	0.586076478790705	0.132292262665131	3.7889127477482e-05
L170	0.298798253263268	0.0865760464634749	-0.0387194076680599	0.0311198938446675	0.431597476935831	0.0118484890577743	0.748644501278772	0.384591545336591	0.27454315812685	0.0200944111176719
L171	0.0886322722139431	0.0510620547137887	-0.0742333994177462	0.0227200209482392	0.195084789634922	0.111383449269823	0.496900527009223	0.132847571067041	0.111860528720358	0.145252397793876
L172	0.113925997465121	0.0588999694322084	-0.0663954846993265	0.0234837905611197	0.227851994930242	0.320776552827332	0.446663334999167	0.0826103790569853	0.128260385126719	0.364598486273689
L176	0.0711330172088665	0.0426697198770568	-0.082625734254478	0.0128641005136323	0.174066677405226	0.468806744886993	0.43565225641938	0.0715993004771979	0.181697576035304	0.515935465272458
L177	0.0380615522548281	0.0470250496609164	-0.0782704044706185	0.036962595064812	0.117913515901425	0.00496755129944656	0.847932557205941	0.48387960126376	0.258559644016569	0.00988756622282187
L179	0.0878111257861952	0.0497172819880041	-0.0755781721435307	0.00989783895042384	0.194476918372669	0.0309765938829548	0.600847601047897	0.236794645105715	0.0448502390770159	0.0455344984286544
L180	0.564161379872348	0.0982032954028687	-0.00532698481713037	0.0228614474819328	0.678728895364075	0.123922366509617	0.436970927623102	0.0404695326829475	0.0571727045938048	0.15862062913231
L182	0.184186669145791	0.128625692893092	0.0250954126730926	0.0430085774424921	0.306486617458597	0.865509365158498	0.401491183387118	0.00498978844696429	0.0651269345120743	0.880322483877592
L183	0.0625081530802258	0.0388469886065896	-0.0864484655249453	0.0179624364628376	0.158456788180729	0.423063474044352	0.430118781376075	0.0660658254338933	0.129483916696744	0.47057327594238
L185	0.624115237522828	0.0998691572868474	-0.00366112293315173	0.0122849237981903	0.725228879356135	0.171492606219786	0.430524583122851	0.0340231881826969	0.0533778104668396	0.208956129181636
L186	0.554534700055601	0.0975707044990402	-0.00595957572095891	0.0234537081294781	0.674521740418509	0.233752249602254	0.433488571517982	0.0369871765778278	0.0763688422775842	0.275470073185659
L187	0.232985408620447	0.0921109392272589	-0.0114193409927403	0.0203161919574407	0.356330624948919	0.39204555941723	0.413709309176609	0.0172079142364552	0.036801708116889	0.438416539563354
L189	0.0200131825758455	0.154298286705229	0.0507680064852299	0.0521748113185144	0.0906650177098951	0.944639231008966	0.399286857089471	0.00278546214931669	0.0943694394942245	0.949202705554903
L191	0.35635510809034	0.111785697346403	0.00825541712640367	0.0184504219004803	0.492504069653094	2.12285826050546e-06	0.767480322189226	0.370978927249072	0.0968507701750523	2.43168832745564e-05
L194	0.0837900305840837	0.0876090447797303	-0.0159212354402688	0.0160938472858251	0.189438330016189	0.0525730199176201	0.501879656291421	0.105378261351267	0.118213986167974	0.074389034985476
L196	0.0471469359014249	0.134354972338349	0.0308246921183496	0.0321086288463197	0.129888247251608	0.969231167954381	0.397782136844637	0.0012807419044828	0.0756510341494067	0.969231167954381
L198	0.0186258498979334	0.0761183743516217	-0.0274119058683775	0.020872328988881	0.090021526434163	1.06264466693702e-07	1	0.603498605059846	5.21051963535337e-17	2.00936446111727e-06
L2	0.140502729617483	0.074621255762546	-0.036786307781378	0.0318233030159948	0.260933640718183	0.000208114177709486	0.789876825189657	0.450177325572804	0.185217515273202	0.000733690660399545
L20	0.0826642680851098	0.0642871015845285	-0.0471204619593955	0.0282669117078921	0.187914401767244	0.000450650832279444	0.900793650793651	0.561094151176798	0.315718879492431	0.00135848366832064
L201	0.0761684701007724	0.04582572631094	-0.0794697278205948	0.0196474607751364	0.182103928516789	0.491174084757212	0.441598298880276	0.0775453429380938	0.221220525921727	0.537706366471053
L202	0.0120919542391643	0.146783227894413	0.0432529476744135	0.0382504136979279	0.0679763913985455	8.05596606923574e-05	0.666930112154727	0.270428717214573	0.113688149411457	0.000356519349447029
L203	0.0771457183054928	0.0461654416113871	-0.0791300125201477	0.0174306544145278	0.18276190923468	0.00700937091553869	0.764501677732562	0.40044872179038	0.203281139990835	0.0130757771339197
L205	0.0822741899793784	0.0477805207317739	-0.0775149333997609	0.0138403290495115	0.187914401767244	0.00224376101066921	1	0.635947044057818	0	0.00507285098064343
L208	0.00112253592824943	0.0684573368924116	-0.0350729433275875	0.0136167640040358	0.0181378232424349	4.47937289964476e-10	0.979166666666667	0.582665271726513	0.0535537882424232	2.66202732321746e-08
L21	0.129016064715752	0.0799387950231196	-0.0314687685208044	0.0163730916332005	0.246195793219049	8.57768686956514e-07	0.956521739130435	0.616822239513582	0.111764427636362	1.23045439232383e-05
L210	0.519941094917689	0.0980009669187859	-0.00552931330121322	0.0174191333609036	0.646279145668381	0.0663278064513178	0.349188997477932	-0.0473123974622221	0.0523728559297586	0.0913654552441994
L216	0.0641025827306819	0.0385083039536834	-0.0867871501778514	0.00891840710326818	0.160642616963636	0.00103454945277124	0.858029598825832	0.49397664288365	0.176703471841792	0.00264032252977201
L22	0.0373886230476775	0.254969442836291	0.140269552961922	0.169499457218163	0.117913515901425	6.65857580692366e-06	1	0.616914725911782	0	5.35648157501163e-05
L220	0.0956048136868801	0.154115203734204	0.0505849235142049	0.064803949203221	0.205008260277021	0.851100518490752	0.400761878235226	0.00426048329507178	0.0498972534863418	0.867788763951355
L222	0.0697526606369766	0.0413219919034922	-0.0839734622280426	0.00579307395385424	0.171698856952558	0.926280487194818	0.357499604964212	-0.00655335097796989	0.0256657536818203	0.935273501633603
L226	0.062849447235145	0.038468980919668	-0.0868264732118669	0.0131825194771574	0.158456788180729	0.00224376101066921	1	0.635947044057818	0	0.00507285098064343
L23	0.795305079038089	0.108980633325022	-0.00571925654934712	0.0423427584991422	0.860188433244495	6.65857580692366e-06	1	0.616914725911782	0	5.35648157501163e-05
L230	0.0115324817433518	0.0799560217763823	-0.0235742584436169	0.0135817076655591	0.0675705972568221	1.06264466693702e-07	1	0.603498605059846	0	2.00936446111727e-06
L231	0.0292914240432128	0.0286683046699594	-0.0875219245717729	0.00304519073532993	0.105902275119625	0.0609211738751939	0.535636318374182	0.154000836738701	0.0952001997208409	0.0847598940872263
L233	0.0878886073414946	0.132632647812431	0.0295170233796736	0.0339210101359714	0.194476918372669	0.000167874796919567	0.65260943577845	0.312072928393732	0.108955608314605	0.000618016951491504
L234	0.362403896697045	0.124018275248161	0.0209026508154042	0.0683328970050312	0.494295150904822	0.377036814820946	0.375058222669779	0.0345217152850604	0.0990421911409399	0.422769043033729
L24	0.100940454363876	0.0710551028844402	-0.0403524606594838	0.0277229407100616	0.209542173673475	1.7357395362576e-09	1	0.660300500383147	0	6.01723039235969e-08
L242	0.660543984730232	0.0894540752055804	-0.0136615492271767	0.101417672125389	0.759078170297726	6.69560196876454e-06	1	0.659463492615282	1.0199542494133e-16	5.35648157501163e-05
L244	0.443124549837514	0.113377627971789	0.0102620035390318	0.0229369224590908	0.577867751512244	0.0471196618045348	0.42090823258655	0.0803717252018313	0.0676743897927841	0.0678262259885345
L245	0.0337387012019361	0.0440839485777535	-0.0721062806639788	0.0113259469874049	0.113187900806495	0.0225850737166553	0.572158548578942	0.19052306694346	0.0904799360533171	0.034669338251397
L247	0.0209890583112414	0.034685949682857	-0.0815042795588752	0.01294142608379	0.0906650177098951	1.25543578140619e-05	1	0.618364518364518	1.37852395965395e-16	8.21045235177936e-05
L248	0.0249101355276777	0.0246306701707246	-0.0915595590710077	0.00738319008210583	0.0936632771092659	0.158163972431357	0.535449866391898	0.153814384756416	0.222520931343708	0.194663350684748
L25	0.219790170480338	0.082186820415599	-0.029220743128325	0.0287858959550871	0.346336026211442	1.7357395362576e-09	1	0.660300500383147	9.74763639899437e-17	6.01723039235969e-08
L250	0.283529479989553	0.0813140559113497	-0.0348761733303825	0.0322460507825413	0.412028406529045	0.145479291910433	0.280527834356897	-0.101107647278585	0.0577398373806364	0.183263005675915
L254	0.174194133548344	0.236908306477331	0.133792682044574	0.24030465985253	0.296986719492259	0.0107413996244014	0.770950594121326	0.430414086736607	0.443813834489903	0.0187748833771049
L257	0.0777616777272557	0.0357716380504523	-0.0804185911912799	0.0112803613211731	0.18276190923468	0.000127558526456185	0.927486475239284	0.545850993603803	0.124485873346622	0.000495928476689467
L258	0.0238716147755507	0.133033819992512	0.0299181955597545	0.0172818829898045	0.0936632771092659	0.000460681413066553	0.62490959981324	0.284373092428521	0.115014624630176	0.00136888191311204
L26	0.133179929428714	0.0785851585286772	-0.0361147313456917	0.0446246002632467	0.249562390280834	3.44964407130274e-05	0.932539682539683	0.549454408451465	0.214688838054853	0.000183185631992246
L261	0.0758042949699553	0.0590014953550683	-0.0571887338866639	0.0124530873045166	0.182103928516789	0.456926529574311	0.429799065795636	0.0481635841601547	0.0540506448217684	0.504194791254412
L262	0.0249918840363666	0.0383951906825298	-0.0777950385592025	0.0113032872106758	0.0936632771092659	0.046049425761299	0.591196326135679	0.209560844500198	0.159435781771504	0.0665158372107652
L263	0.0415126300187313	0.0807101684311551	-0.022405456001602	0.0110510236505623	0.122476979346044	0.0626391083780775	0.402652144181879	0.0621156367971606	0.0509246538931997	0.0868595636176009
L264	0.0254845056111639	0.148554037437694	0.0454384130049367	0.0346875744683696	0.0946567351271801	0.638010908649383	0.354185721583074	0.0136492141983558	0.0471037899674989	0.67880444500804
L265	0.0221820628420859	0.0362413734873459	-0.0799488557543863	0.0106249193640455	0.0917670207638062	0.27842121296349	0.470101858925388	0.0884663772899066	0.120301037632227	0.320839957320809
L267	0.0963218065644763	0.0615949688769027	-0.0545952603648296	0.0219329591314025	0.205486520670883	0.308996993002339	0.312981849611063	-0.0686536320244186	0.0630263120354868	0.352171915312255
L272	0.0166620071284508	0.0300025551440842	-0.086187674097648	0.0136446440827928	0.0849331106507377	0.00550749226609872	0.67864532315062	0.297009841515138	0.119677218748575	0.0108071546353635
L274	0.20478144924707	0.0692653741685467	-0.0469248550731856	0.038247258269264	0.330190243747214	0.00467790307487676	0.900793650793651	0.519158169158169	0.315718879492431	0.00935580614975352
L278	0.882583094826242	0.106862570469105	0.00374694603634751	0.0634593985911713	0.920186885833876	0.000140902520975341	0.876115942028985	0.535579434644267	0.21112017065641	0.00053729073269609
L28	0.591472055517784	0.127276896156096	0.0125770062817268	0.0512777423617162	0.699012429248291	6.65857580692366e-06	1	0.616914725911782	0	5.35648157501163e-05
L280	0.204125092931668	0.181115547011279	0.0779999225785217	0.153459018142704	0.330190243747214	0.00106800452537688	0.886986301369863	0.546449793985145	0.359660027651926	0.00270908464973648
L283	0.385335923040928	0.0885824791944347	-0.0145331452383224	0.0318265297628166	0.515433260402013	0.188079346400296	0.297042046051024	-0.0434944613336942	0.0548664321517835	0.226130081221165
L285	0.0464796418026731	0.0383957618308988	-0.0777944674108335	0.0154818108361567	0.129678391829159	0.00196164115460475	0.833479541400779	0.451844059765297	0.181459716802702	0.00463577274384984
L288	0.0675487697407206	0.0302765034931398	-0.0859137257485924	0.00656501778937809	0.168265198875089	0.790741150543222	0.398577811984106	0.0169423303486248	0.0705039645602718	0.819106160866576
L289	0.0424682374515439	0.0464468547390324	-0.0697433745026998	0.0197802601153462	0.123263511338498	0.0041932886318813	0.817043238435616	0.435407756800134	0.214183809902177	0.00854585007732323
L29	0.0426681385402492	0.0551310194010092	-0.0562765441429148	0.00904045609605865	0.123263511338498	1.7357395362576e-09	1	0.660300500383147	0	6.01723039235969e-08
L291	0.226307121379936	0.0871567482315368	-0.0159588762012203	0.0229284313035871	0.351282695873334	3.01968713322507e-06	0.955696202531646	0.615159695146927	0.140994456563202	3.18651583821536e-05
L294	0.376640185908459	0.125300578018552	0.0221849535857949	0.0521326380245204	0.505426830122319	0.00117444826128504	0.591050726979678	0.250514219594959	0.116405633330172	0.00294319564273842
L296	0.42553041945605	0.129021496656989	0.0259058722242315	0.0819258498657374	0.560191944600369	0.834911948159165	0.348912466843501	0.008375959458783	0.0900653606199702	0.853374374531235
L299	0.113127346960982	0.0824042393445087	-0.0207113850882484	0.0198530804078654	0.227347711766998	0.820062057013033	0.346375830450436	0.00583932306571755	0.0364646247637604	0.842335347450424
L3	0.759790231579385	0.109132047450301	-0.00556784242406823	0.0201582512657393	0.831770358781643	0.498530109913275	0.418366491895904	0.0352812178076859	0.109666959047631	0.542901899800843
L30	0.110512806696032	0.0827954999186506	-0.0319043899557183	0.0229863432607791	0.223171493133734	6.65857580692366e-06	1	0.616914725911782	6.89261979826974e-17	5.35648157501163e-05
L304	0.751826212131467	0.115974224951974	0.0091632777544199	0.0557882862988967	0.827406624991244	0.000286572140880511	0.905494505494505	0.480778447118346	0.157913654885616	0.00095371208485034
L306	0.0031434483826275	0.0489728771056414	-0.0592760258128897	0.0245889046269366	0.0318945006627571	0.745875638599082	0.593025793521839	0.0321736696147956	0.290229725108712	0.782914922724013
L307	0.174020904307869	0.153575519519832	0.0453266166013008	0.149448985703627	0.296986719492259	5.11706221664939e-07	1	0.439147876092956	1.95016294377558e-16	8.18729954663903e-06
L311	0.621580588970616	0.0999304776587542	-0.00831842525977687	0.0297551977434555	0.724306792750073	0.247174736464306	0.601861910491373	0.0410097865843289	0.0734141864865646	0.288024342770732
L313	0.523548250216934	0.0976672645577396	-0.0105816383607915	0.0287704387576843	0.646279145668381	0.0248578405964696	0.817708333333333	0.25685620942629	0.210414193525015	0.0370640203875676
L314	0.0551011831007001	0.0835470375334515	-0.0247018653850796	0.0115415025021297	0.145919207455497	0.128423373031059	0.596666477140903	0.0358143532338587	0.0334434098204352	0.163877678469082
L32	0.216095040627121	0.0886806036182795	-0.0260192862560894	0.03275423766241	0.343112736262909	0.000195376473701717	0.911111111111111	0.528025837022893	0.246795120462026	0.000700660457413054
L320	0.70975508354261	0.0998082849909298	-0.00844061792760126	0.0522924184059242	0.797017373202606	0.104455204486689	0.706491760052736	0.145639636145692	0.241054263489706	0.1370768614084
L321	0.169070571584085	0.0887043842388138	-0.0195445186797172	0.00617813134982047	0.294642559749874	0.0995295873834707	0.440031245310524	-0.12082087859652	0.246265893490937	0.131860854622687
L324	0.560860809467326	0.124781177582434	0.0165322746639032	0.0690432907930885	0.678728895364075	0.00421129631214246	0.796504060743794	0.235651936836751	0.181446820993314	0.00854585007732323
L325	0.194166300338452	0.134094535762119	0.0258456328435881	0.0358891525490193	0.320081945435068	0.766294887384409	0.546498860880902	-0.0143532630261417	0.110524496910651	0.798944042987253
L326	0.0582009101602072	0.0712879721634171	-0.0369609307551139	0.0321670241340444	0.152274079412869	5.11706221664939e-07	1	0.439147876092956	1.95016294377558e-16	8.18729954663903e-06
L33	0.00277227728859918	0.0603596630622158	-0.0526138742125502	0.0128758838372725	0.0312658867391068	1.38590862350469e-11	1	0.594848048549914	0	1.15307597475591e-09
L334	0.0038391333814822	0.0594176096051952	-0.0488312933133359	0.0134341135855151	0.0354906552599243	0.0711937549277211	0.508973006758076	-0.0518791171489674	0.0514510790751673	0.0971036132784655
L335	0.223595817432173	0.0790031479225289	-0.0292457549960021	0.0532135878237984	0.349683684405203	0.233162393235867	0.589978956657503	0.0291268327504588	0.0383527774841033	0.275470073185659
L336	0.730935430533196	0.101786242889154	-0.00502470430839959	0.0252932470992412	0.810851037604825	0.791540088145105	0.443956715154327	0.0192406567781676	0.140370639886658	0.819106160866576
L337	0.00848885952002665	0.0660032509209586	-0.0408076962765952	0.0195989597468996	0.0551775868801732	0.114110150564425	0.479354777321596	0.0546387189454365	0.0525299892702584	0.147881067398134
L339	0.971683717565767	0.105978632624583	-0.00083231457297063	0.053503955479633	0.971683717565767	0.000119300366288578	1	0.575283941623841	0	0.000472656689295701
L34	0.023497094514873	0.06972964492765	-0.043243892347116	0.0271156930832322	0.0936632771092659	4.30851365147537e-10	1	0.594848048549914	1.0199542494133e-16	2.66202732321746e-08
L341	0.963919556628389	0.105131949767558	-0.00167899742999543	0.0726037453276252	0.970921393601477	0.00277882084887865	0.801130351130351	0.376414292754192	0.178423117554439	0.00602077850590373
L343	0.0155380057445992	0.0770879310791096	-0.0297230161184442	0.0140180607651571	0.0822471300884231	0.00215265920712608	0.80591318560492	0.381197127228761	0.17275052506654	0.00497503461202473
L344	0.368434907773524	0.0911993181052699	-0.0170495848132611	0.0388577318688881	0.499247301738717	0.150141061498942	0.640206002913546	0.0793538790065021	0.123131121747814	0.186443825622567
L347	0.284108384720536	0.0918952674495879	-0.0176218150257148	0.0297277736113958	0.412028406529045	0.0643659161269452	0.448618102446474	0.127221654734754	0.120007321851504	0.0889575452119908
L350	0.0352333902580165	0.0857391501741434	-0.0237779323011593	0.0165176091193347	0.116326113867737	0.276506243259631	0.373682722979398	0.0522862752676783	0.086043723323194	0.319518325544463
L351	0.00629387210425119	0.0819039754388534	-0.0276131070364494	0.0119685225287274	0.0476045599157908	0.000360079176982344	0.52999658973155	0.20860014201983	0.0729722389312429	0.0011434575391195
L354	0.000474386940969898	0.0699169803349004	-0.0396001021404023	0.0103255975408026	0.0138646680402937	2.90611279792021e-05	0.669658061957558	0.348261614245838	0.0956733072539926	0.000159071437359843
L357	0.172390263924234	0.0929263371478103	-0.0165907453274924	0.0201428529331815	0.296340288398683	0.107171211798839	0.267759986522796	-0.0536364611889241	0.0514004598913958	0.140198817950683
L359	0.019475811007391	0.0839556147700198	-0.0255614677052829	0.0157135602150842	0.090021526434163	0.153035804623942	0.271684881198661	-0.0497115665130589	0.0558572469628211	0.188910666835489
L361	0.32779191278979	0.0984547613264744	-0.0110623211488283	0.0230857357815175	0.465397391537723	2.97531896664825e-08	0.785935808201634	0.464539360489914	0.0256559623505403	6.87629272292041e-07
L363	0.021949173953378	0.0888604867977051	-0.0206565956775976	0.0107679534173596	0.0917670207638062	3.00165270594552e-09	0.972826086956522	0.651429639244802	0.0642560937932822	8.32458350448891e-08
L369	0.163157306286657	0.0941733240204464	-0.0153437584548564	0.0189765365082102	0.288823146447869	4.7895247626707e-06	1	0.67860355228828	9.0248847422673e-17	4.42764955838002e-05
L37	0.00348271430339057	0.0617022701717093	-0.0512712671030567	0.01411878908054	0.03346902520215	1.38590862350469e-11	1	0.594848048549914	0	1.15307597475591e-09
L371	0.00130869044423198	0.0729417548554884	-0.0365753276198143	0.0127094163697886	0.0187729387862243	0.0171599560328122	0.631322997160746	0.309926549449026	0.218834104235725	0.0269378932439618
L374	0.0029789687704361	0.0331762964729519	-0.0790964438050372	0.021358078402185	0.0317534797553818	5.76386736063701e-05	1	0.57870035035958	0	0.000275605611727011
L38	0.0110703995727564	0.0668530444291607	-0.0461204928456052	0.0224919439118105	0.0657898031752382	1.38590862350469e-11	1	0.594848048549914	6.89261979826974e-17	1.15307597475591e-09
L380	0.00557842644192549	0.0294957596147577	-0.0827769806632314	0.0284468497070724	0.0458591265610767	0.00261894723674668	0.88444666001994	0.46314701037952	0.215348299675131	0.00576445529357999
L383	0.0331708371420782	0.0461535536638201	-0.0661191866141691	0.0428546700739669	0.113187900806495	0.0824251330606214	0.536782661782662	0.115483012142241	0.204939785979558	0.111690082583774
L384	0.7922621215119	0.106278983520428	-0.00599375675756095	0.0363801790196615	0.860188433244495	0.147464175861302	0.538536796536797	0.117237146896376	0.181977014891607	0.183667955563777
L386	0.17703146602067	0.075557544487733	-0.0367151957902562	0.0536565466281518	0.298158258561128	0.0112270065415661	0.859848484848485	0.438548835208064	0.446024671573853	0.0193793971837822
L391	0.162933335557929	0.075170099203312	-0.0371026410746772	0.0495930928969163	0.288823146447869	2.45509255541996e-05	0.954268292682927	0.532968643042506	0.145538702985535	0.000143847676486578
L394	0.175640495615479	0.0760739033401294	-0.0361988369378597	0.0333120877358267	0.298019596007242	0.0155238350926324	0.631760339342524	0.210460689702103	0.269679852198839	0.0248381361482119
L395	0.0242844802752585	0.0507029871944984	-0.0615697530834907	0.0332040544363244	0.0936632771092659	5.76386736063701e-05	1	0.57870035035958	1.0199542494133e-16	0.000275605611727011
L396	0.26806898649551	0.0795098372731346	-0.0327629030048546	0.0690050405719205	0.396856577872356	0.0241203658311743	0.634590214069845	0.213290564429425	0.193557799485339	0.0362240873132437
L399	0.609652578437468	0.0985255776661373	-0.0137471626118519	0.0609470504688066	0.7144097820563	0.0115579915340533	0.849099099099099	0.427799449458679	0.280273384195464	0.0197865204862805
L4	0.194310735483276	0.0797656334791167	-0.0316419300648073	0.0309855269780626	0.320081945435068	1.73953350533941e-05	0.937931034482759	0.598231534865906	0.172331075495035	0.000106418520326646
L400	0.796087852882525	0.111956482476218	-0.00745048753602121	0.0394408168372591	0.860188433244495	0.0683600643303501	0.25953531207943	-0.0711606297746049	0.0600911109427599	0.0935453511889002
L401	0.273121646424856	0.152382127905162	0.0329751578929226	0.0205994811848754	0.402902854300497	0.163975178129399	0.385795578354412	0.055099636500378	0.066271078986161	0.200628453240676
L404	0.0206574442778716	0.0473455323069992	-0.0718485189657994	0.0331699102103995	0.0906650177098951	0.000632614895023888	0.811028898506212	0.463874409620357	0.229439580521959	0.00179025711789073
L405	0.757202758303281	0.108777835829828	-0.010416215442971	0.0667638459507714	0.831124927319696	0.251184647549182	0.454331803643443	0.107177314757588	0.232381206773093	0.291879366984524
L406	0.549406392153185	0.0994556694553707	-0.0199513005568686	0.0547060847526812	0.672214879810955	0.0231243826958236	0.239260663298163	-0.091435278555871	0.0383097128190226	0.0353667029465537
L407	0.006128763286462	0.0442954224580953	-0.0748986288147033	0.016512336364984	0.0472141764290406	8.27234494410558e-06	1	0.652845511114145	7.36878753532806e-17	5.93326809784124e-05
L408	0.896023479195605	0.115752652271725	-0.00365431774051418	0.0298730857596794	0.927228276978536	0.431575065337719	0.355800154876031	0.0251042130219964	0.0368646793841359	0.477487306331093
L41	0.00285601850020687	0.0639673331763451	-0.0490062040984209	0.00452056489018269	0.0312658867391068	1.38590862350469e-11	1	0.594848048549914	0	1.15307597475591e-09
L414	0.72813218699685	0.108505783230641	-0.0109011867815985	0.0422658298060088	0.809901042221095	0.101292016596551	0.273188532617328	-0.0575074092367068	0.0372778355916099	0.133769774298937
L415	3.23052473712334e-05	0.0350345491007516	-0.084159502172047	0.00703082986079345	0.00206986173997134	0.00825199231357547	0.625635054476855	0.278480565591	0.168793781097626	0.0149905187879799
L416	0.19802682524063	0.0827615501785871	-0.0366454198336522	0.0254855112025993	0.323055526667067	0.538066449461018	0.368033054308778	0.0373371124547432	0.152701379732412	0.579885085429491
L42	0.0305523918164875	0.0812808509276525	-0.0316926863471135	0.0107005358883657	0.107645124784513	8.18469966612133e-06	0.947169811320755	0.542017859870669	0.146680118765166	5.93326809784124e-05
L420	0.414890045452995	0.141673760710568	0.0222667906983283	0.0309391829250546	0.549663244931356	0.00407028634370676	0.221168186176016	-0.109527755678018	0.0399520331849824	0.00838237187614857
L427	0.00844472262417907	0.0381254276565694	-0.0812815423556698	0.00982046231027311	0.0551775868801732	0.0145001409099722	0.438022534386025	0.107326592531991	0.0684487005540102	0.0236361260674884
L434	0.0336580958222012	0.0560778022412637	-0.0631162490315349	0.0312044048782663	0.113187900806495	0.00330288296297205	0.777788521974568	0.430634033088713	0.282801003344585	0.00697461579998158
L436	0.275351754731585	0.0813173493515941	-0.0378767019212045	0.0659874024455681	0.404757349711446	0.00793391570193903	0.738709677419355	0.391555188533499	0.303193374137463	0.0145396869251394
L44	0.1158434322346	0.138696893183664	0.03170928522993	0.0417430878150794	0.229480322902827	0.0535311296077684	0.67556930057577	0.211506448888057	0.233040954181978	0.0754879658197684
L443	0.201795286232064	0.0813799682967312	-0.0380270017155081	0.00661232428282606	0.327917340127103	0.256152320225859	0.286872827169082	-0.043823114684952	0.0644853004535448	0.296822744328572
L446	0.00983860096893614	0.0403796448782308	-0.0790273251340085	0.00930700738676971	0.0610874328817527	0.000643228854885584	0.512689214201075	0.181993272347041	0.0791432511178091	0.00179747602550806
L453	0.0131016394684608	0.0472420675010967	-0.0719519837717019	0.0157111771905651	0.0717142370905222	8.27234494410558e-06	1	0.652845511114145	3.50815162551379e-17	5.93326809784124e-05
L454	0.940360464601509	0.116592464657349	-0.00260158661544992	0.071003457950275	0.95896886760055	0.765517684676887	0.368753770410916	0.021599281525061	0.138627205400325	0.798944042987253
L456	0.00588123788314515	0.0332435424481414	-0.0861634275640979	0.00786370493155546	0.0470499030651612	0.0054421831862786	0.489836528311244	0.159140586457209	0.109238459284839	0.0107807057404376
L459	0.0170169557364687	0.0438443393646674	-0.0755626306475719	0.00517048929250752	0.0849331106507377	7.49792634003107e-05	0.579545325382144	0.248849383528109	0.0900759366823387	0.000338986688917975
L460	0.030355945801936	0.226472883046659	0.10727883177386	0.0855781137465505	0.107645124784513	0.555547114739114	0.315893137424618	-0.031261351461237	0.10901225973405	0.597177260288039
L465	0.0245660947701922	0.0572541845935805	-0.0619398666792181	0.0127100260546629	0.0936632771092659	2.8515730350813e-05	0.934065934065934	0.586911445180079	0.16133484732824	0.000158167251012509
L466	0.0364126025886253	0.0608929008899463	-0.0583011503828523	0.021179471315062	0.117913515901425	0.183517071926618	0.530486851457001	0.183332362571145	0.344040017324947	0.221927621864748
L469	0.0012562963262762	0.033929685615939	-0.0852643656568596	0.0126794199990144	0.0186649739903892	6.18870638045176e-07	0.89729430104677	0.550139812160914	0.0939537185413511	9.5351920528442e-06
L48	0.0973139911491657	0.0868809221625749	-0.0201066857911589	0.0115866868460723	0.206543981214556	0.0178546575853496	0.649933763631744	0.185870911944031	0.130795930010839	0.0279230735169378
L49	0.170805836743798	0.143800901265263	0.0355519983467318	0.050374497475824	0.295588204584847	0.22550048687111	0.621030005569479	0.0601778816624354	0.111239482454996	0.267259836291685
L5	0.962884429074743	0.112744375416798	0.00133681187287431	0.0555970973568714	0.970921393601477	0.000368260657037767	0.863636363636364	0.523936864019511	0.23945155447775	0.00116057904036145
L50	0.669356785546221	0.0973837573737131	-0.00942718982384073	0.0927947468377609	0.764979183481395	0.0991569537008178	0.514611486486487	0.0898954281103272	0.186287054202953	0.131786877762109
L51	0.246817536011492	0.0895045866236571	-0.0173063605738967	0.0246851265140274	0.374730273652485	0.013199392968875	0.529315453213625	0.104599394837465	0.057876275815319	0.021963789900208
L53	0.0169712038627512	0.0627445251982159	-0.044066421999338	0.0266101236363018	0.0849331106507377	0.000597718694297217	0.898373983739837	0.473657925363678	0.174666463927884	0.00171483432294926
L58	0.00405493950318407	0.0576363093108473	-0.0493512986428866	0.0217044942688879	0.0366707572461863	0.0130386074668642	0.637710236253809	0.173647384566096	0.0982922470488432	0.0217833763301828
L59	0.020376765376932	0.0687721009796999	-0.038215506974034	0.0245598156226085	0.0906650177098951	0.0196517903026432	0.593382704551764	0.129319852864051	0.0466233932096371	0.0303908727356861
L61	0.822215677580827	0.103385926487959	-0.00360168146577512	0.0332364666225797	0.874787012464511	1.15230239405321e-06	1	0.535937148312287	0	1.54631547072947e-05
L62	0.0222799737912126	0.0698522252361006	-0.0371353827176333	0.0241005734156446	0.0917670207638062	1.15230239405321e-06	1	0.535937148312287	0	1.54631547072947e-05
L64	0.00114777705847151	0.0516156516500541	-0.0613578856247119	0.0134839492443286	0.0181378232424349	0.00461252409455634	0.483512104672282	0.0783601532221955	0.0470839751139818	0.00926961363930164
L67	0.00117721448929265	0.0526650429539884	-0.0603084943207776	0.0122798342615294	0.0181378232424349	1.38590862350469e-11	1	0.594848048549914	1.37852395965395e-16	1.15307597475591e-09
L68	0.00909161452403114	0.060578712167011	-0.0464088957867228	0.0258773762366406	0.0581863329537993	0.00729546183411764	0.773526931169385	0.309464079481672	0.211797254943598	0.0134884983244131
L69	0.0893562668152169	0.0831535334104512	-0.0238340745432826	0.0204645294110372	0.195643194711212	0.818395337006825	0.473951143096479	0.00988829140876596	0.044576622103949	0.842335347450424
L7	0.712132961809761	0.123565669982596	0.00886578010822726	0.0508001970214687	0.797017373202606	0.000688525149826502	0.802897830492377	0.419812556404159	0.231682501052638	0.00189686398892599
L70	0.0500685119373252	0.138127927090714	0.0311403191369802	0.025626968796236	0.135250006272255	0.00548493196758831	0.665254752200935	0.201191900513222	0.0943981190791078	0.0108071546353635
L72	0.940773159242491	0.111883704983471	-0.00108983229129538	0.0233689956269367	0.95896886760055	0.829379655703082	0.396946127288125	-0.00820582416196147	0.0977642495339888	0.849807726040597
L73	0.102138390554837	0.0737778541907971	-0.0330330930067567	0.0663008609434177	0.209542173673475	0.000727435597087479	0.697708333333333	0.272992274957174	0.137123618830485	0.00197786410711367
L75	0.0408081245679287	0.0536595403217196	-0.0657474296905197	0.0123471330071009	0.122476979346044	7.57830818975281e-05	0.624465469289941	0.293769527435906	0.126066186208069	0.000338986688917975
L76	0.232931896284696	0.0758953665474336	-0.0355121969964904	0.0501991300047178	0.356330624948919	8.46412629585117e-05	0.803623122301283	0.463923622684431	0.156593816984992	0.000366778806153551
L78	0.171242205059972	0.0833764088764011	-0.0234345383211527	0.0326113079853988	0.295588204584847	0.000336705734853962	0.648533437587543	0.223817379211384	0.0702112074000052	0.00108581074185464
L8	0.0854503408562971	0.0717524651474532	-0.0396550983964708	0.016281568263114	0.19111474083989	0.00181173048668267	0.497191240881265	0.157491741264413	0.0731516341813561	0.00433149357735626
L82	0.448209777218585	0.126739320330041	0.0199283731324873	0.0493867925805947	0.579053625226495	0.000149219491893586	0.913003272158202	0.488287213782042	0.145108923851926	0.000559237014664251
L83	0.00784074202440108	0.036666624473733	-0.0827403455385063	0.0120637915578969	0.0526088497121105	0.000404199514412687	0.670225651087859	0.339529709233825	0.174985047493195	0.00125482834325133
L84	0.13220449722822	0.0809270133317495	-0.0258839338658043	0.0382472025454823	0.248855524194297	0.11307298869338	0.64011732628274	0.21540126790658	0.287463916903767	0.146994885301394
L85	0.0207627345178346	0.0736244811017795	-0.0393490561729864	0.0208632344468196	0.0906650177098951	4.16051198270932e-06	0.715861277572358	0.310709326122271	0.0724086557470746	4.01529500350277e-05
L86	0.00103410460058872	0.0495102131757902	-0.0634633240989758	0.0149364752885424	0.0181378232424349	0.00162150138382003	0.895384615384615	0.490232663934529	0.290458872543769	0.00394470512087212
L87	0.0382652034776259	0.0796519866130024	-0.0333215506617636	0.0195665562312059	0.117913515901425	0.00459049038929757	0.566170485163769	0.161018533713683	0.110798449488391	0.00926961363930164
L88	0.121284632949602	0.07929342925473	-0.0276941786990038	0.0348999063042362	0.234671661893183	0.0133615643230531	0.651377117635862	0.187314265948149	0.1182615635308	0.0221450627824306
L89	0.841863368423814	0.11053887121693	0.00355126326319574	0.0392261983985203	0.886620661428625	0.00755531623286764	0.626740961486724	0.162678109799011	0.0561582396407875	0.0139071307649245
L9	0.0412602833814855	0.07231521338686	-0.0423846764875089	0.0213565865840187	0.122476979346044	6.65857580692366e-06	1	0.616914725911782	1.5412366411992e-16	5.35648157501163e-05
L90	0.00171410515915139	0.0543740882222391	-0.0526135197314948	0.0158251624891754	0.021483650583219	0.0183819055618999	0.641519950031716	0.177457098344003	0.121627970074652	0.0285331071408595
L91	0.55147070553493	0.0984397829866512	-0.0085478249670826	0.0265968424054949	0.672761916429709	0.146279184157	0.560124039496071	0.0960611878083582	0.120017083901648	0.18328958014853
L92	0.0295304421006648	0.0727644407784711	-0.0342231671752627	0.0232692766142366	0.105902275119625	0.101740983505385	0.594386967901915	0.130324116214202	0.158911875008615	0.133937497272911
L93	0.0107433002511875	0.171751309760612	0.0647637018068778	0.0469689784741299	0.0647712015144058	0.0360926807313132	0.636566927132965	0.172504075445252	0.152303138392524	0.0528681520571349
L94	0.573929913268282	0.131822491900065	0.0188489546252986	0.105822752515399	0.688054305243819	0.00849021190953067	0.705377993005112	0.300226041555026	0.238580130611108	0.0153381239762623
L98	0.0381181854864466	0.196544405122112	0.0897334579245581	0.0840978060746653	0.117913515901425	0.0121516350271377	0.829121863799283	0.404405805423124	0.291320059224008	0.020465911624653
L99	0.0033975423545159	0.0558214514722332	-0.0571520858025328	0.0219084119234971	0.03346902520215	0.00600511869138403	0.557618664895754	0.152466713445668	0.110213682661161	0.011483253309122
NB	1	0.111158567364417	0	0.00481380672589113	1	1	0.375182653392863	0	0.0138243193829309	1
R100	0.165082662428667	0.0793189866175713	-0.0253764327423128	0.0231349976954001	0.29099316767087	0.0404588778951321	0.517854185152322	0.14137270367084	0.0986096752317268	0.058849276938374
R101	0.000266888302513021	0.0608248203403818	-0.0480595449170486	0.0131253719817105	0.0105104465061183	6.91387784666285e-06	1	0.701030982905983	9.74763639899437e-17	5.42674185700329e-05
R105	0.0192777728526197	0.0600395110933497	-0.0446559082665343	0.0189607069620477	0.090021526434163	0.00207795724952405	0.698238265971317	0.321756784489835	0.135238329989212	0.00485634952697756
R11	0.454736619877411	0.124531824622917	0.0163194487684356	0.0400812775803349	0.585666977922609	0.42712092985052	0.28573988448832	-0.0520529261088384	0.148740666295276	0.47381948484751
R127	0.438166935439106	0.0934808698681912	-0.0147315059862904	0.0281601211941339	0.573525101483999	0.000289268844430504	0.769444444444444	0.431651633847286	0.175699396331397	0.000955046343516584
R131	0.0696213312513182	0.166272771585857	0.0580603957313751	0.0648714680249057	0.171698856952558	0.000216918735881653	0.765516151177916	0.427723340580758	0.16456124891458	0.00075830415232578
R135	0.445770453568791	0.100533482982906	-0.00835088227452419	0.0232628525619941	0.578435575530093	0.521220041671521	0.332388494922871	0.0334194778288535	0.122679437298321	0.563188408663253
R136	0.119594205686918	0.0924234260502307	-0.0164609392071997	0.0198275782126859	0.232482194232514	0.000447213587672477	0.583011722798873	0.284042705704856	0.122346902801843	0.0013579624268011
R137	0.350197277654349	0.0884668320326217	-0.0162285873272623	0.0250628237298505	0.487230994997355	0.280254397950813	0.447508232362906	0.0710267508814249	0.113566595478098	0.322060302617509
R147	0.343080037685482	0.129400443638601	0.0211880677841195	0.0410815836214315	0.482166539449867	0.000781278938896516	0.520785507468556	0.182992696871397	0.0408911208091095	0.00205703821886678
R157	0.12890545792716	0.0707562796643559	-0.0339391396955281	0.0411168299712573	0.246195793219049	0.116697250421383	0.542353950372818	0.165872468891337	0.250821678581584	0.150297387539614
R172	0.805560310441687	0.100722225271853	-0.00397319408803147	0.0223618113001542	0.865925294945069	0.00620032106604763	0.721514198178192	0.34503271669671	0.19666122771031	0.0117242434703446
R179	0.183512994037574	0.150236473506297	0.0406190745123257	0.0859048327400663	0.306486617458597	0.00575555614420766	0.848135964912281	0.558363785962248	0.279472569572174	0.0111363318883274
R180	0.968102420199753	0.104059617478374	-0.000635801881509995	0.0167442182271342	0.971038680295703	0.780993325044276	0.393555008210181	0.0170735267286992	0.121564907693273	0.812233058046047
R181	0.00606409658297203	0.0756539184859121	-0.0332304467715183	0.018105505565313	0.0472141764290406	0.000224381194737408	0.645894777185589	0.346925760091572	0.137996441384284	0.000771426256287288
R214	0.037620240759539	0.0590857980286669	-0.0456096213312171	0.0301019259597728	0.117913515901425	0.0163199096640075	0.579162149906831	0.202680668425349	0.134056652975913	0.0259125283214776
R217	0.779316943617395	0.114022047778783	0.0058096719243014	0.0381893112253026	0.848680231792766	0.0011877345665634	0.531810570381999	0.194017759784841	0.0320980246797194	0.00295866814185852
R219	0.945400175937691	0.109834085572214	0.000949720314783908	0.0614932978740551	0.95896886760055	0.00712006835701331	0.763249932741458	0.464280915647441	0.65954852840229	0.0132229840915962
R22	0.346444915499666	0.169552951034645	0.0648575316747613	0.308997058161647	0.48362780150289	0.145817439612326	0.647286821705426	0.270805340223945	0.762229598920098	0.183263005675915
R239	0.57836009971946	0.125327325545155	0.0171149496906739	0.0707791491745775	0.689391981327493	0.010209364885676	0.759063545150502	0.421270734553343	0.338830797571714	0.0180727480529414
R240	0.497562323333714	0.122706481683001	0.0180110623231166	0.0650395903114031	0.632984484730352	0.00124254957809889	0.916666666666667	0.540185185185185	0.265203858773642	0.00307678943148296
R258	0.211539629285902	0.083037612598923	-0.021657806760961	0.0232301152990447	0.337166612195155	0.00563306630442957	0.736856280973928	0.360374799492447	0.202656490109032	0.0110016694020784
R264	0.53218169350964	0.137699002370818	0.0330035830109342	0.11908703700921	0.653060721238968	0.00861174508729437	0.211026653085477	-0.165454828396005	0.0582422332002175	0.0154417498117002
R274	0.746403642016234	0.113444436668933	0.00456007141150275	0.0420283159239031	0.823617811879982	0.0109291513466755	0.539665951338057	0.240696934244039	0.192449111482182	0.0189438623342375
R278	0.762529530653666	0.109505687459409	0.00481026809952476	0.021385503687063	0.832578175201903	0.131088960176676	0.471365391714229	0.0948839102327474	0.0963018833818023	0.166767606830267
R31	0.106495788631105	0.0653630314161952	-0.0393323879436888	0.0476924265566741	0.216108527173364	0.00263639331609265	0.79384236453202	0.417360883050538	0.229173695388266	0.00577231378681339
R322	0.361011419886641	0.139112239500593	0.0344168201407086	0.100984924208661	0.494295150904822	0.030470320284681	0.702345415778252	0.32586393429677	0.339679652521221	0.0449491249589621
R4	0.0984562823410629	0.138936008529779	0.0307236326752979	0.0190158989409233	0.206857643706476	0.00641641043183489	0.21722371967655	-0.120569090920609	0.0255228180516947	0.0120779490481598
R53	0.254726005325018	0.0887009033464477	-0.0195114725080339	0.0151486983473363	0.382548802220966	0.356102184187469	0.387487508389887	0.0496946977927289	0.110125939720405	0.401459372959315
R60	0.231996879655222	0.0846680151157665	-0.0235443607387151	0.0219942560810849	0.356330624948919	0.0978865508530072	0.444658369863288	0.10686555926613	0.155659389930201	0.130935064806595
R61	0.947099219062838	0.110034203111523	0.00114983785409288	0.0550017093158481	0.95896886760055	0.131904109386416	0.388783104593375	0.0898140874993579	0.134193963511922	0.167293016782772
R65	0.12560674223496	0.080823706103932	-0.023871713255952	0.0134883593183958	0.241909281341405	0.507055564914555	0.342324408559189	-0.0341570729222928	0.0715434449103879	0.549310195324101
R71	0.419525505458581	0.0925519634333661	-0.0156604124211155	0.0298448943814836	0.554040032605618	0.0171165462966299	0.528643885665162	0.190851075068004	0.153336852108185	0.0269378932439618
R74	0.647616782121053	0.130104130245592	0.0218917543911101	0.154401582147737	0.750441730814368	0.000138993844812387	0.823420804525456	0.485627993928297	0.195831401731817	0.000535383698536604
R77	0.100141531840012	0.136708452893277	0.0278240876358469	0.0690238581484519	0.209341091685654	0.000301704985891754	0.832704402515723	0.533735385421706	0.381508013791543	0.000988262001031257
R85	0.363754409983053	0.0870270006053663	-0.0211853752491153	0.0448429374160296	0.494515799192648	0.00917487239429416	0.660163349012454	0.322370538415295	0.247040397128343	0.0163808880516153
R9	0.0554212374470396	0.0673648115599258	-0.0408475642945558	0.029039796447166	0.145919207455497	0.000705724073079258	0.58224537037037	0.244452559773212	0.0922837740327333	0.00193145535790113
RCL10	0.0917766239830903	0.0784822989661002	-0.0306919699547583	0.0283728034702369	0.19989044804694	0.0150697296299057	0.500764853595042	0.193715798951112	0.129493924939233	0.0242889530904418
RCL11	0.196514029805383	0.0914185412507863	-0.0177557276700721	0.00705637348074929	0.321849749602517	8.07101206295585e-06	0.791481620497373	0.484432565853443	0.0645274463986975	5.93326809784124e-05
RCL115	0.814814156590584	0.113029679654841	-0.00583952244701999	0.013225301718922	0.86913510036329	0.000557553542888525	0.583796504836752	0.232166732709322	0.0862635087319485	0.00162197394294844
RCL117	0.000984129994477604	0.0386796555557763	-0.0691724329217729	0.00671356913633888	0.0181378232424349	0.599965622118772	0.431298423115486	-0.0297543313196211	0.035802590341169	0.643262110312911
RCL123	0.10225255109547	0.0827203882864836	-0.0289678464174403	0.0137237661084092	0.209542173673475	0.000110380602466648	0.557421565793626	0.23161407916261	0.0547052193695323	0.000445809035205105
RCL127	0.000543795059221376	0.0585745269323677	-0.0493479654965969	0.0123071316113901	0.0138646680402937	0.000235190871730993	0.752636064788562	0.393593581847774	0.0775939000851793	0.000801962316722073
RCL12A	0.527287378864707	0.0961145100419075	-0.013059758878951	0.0499033044348941	0.648969081679639	0.00579388638451629	0.675124875124875	0.368075820480945	0.247811128198978	0.0111585959998091
RCL13	0.00140391908005123	0.0690683414781939	-0.0388073296339075	0.0162458647919157	0.0194676779100437	0.37635474738549	0.340711616194499	0.0236131006749311	0.0399489297070691	0.422769043033729
RCL130	0.798175085115475	0.115508532568673	0.00633426364781418	0.100439420513576	0.860209418155538	0.237537530574365	0.231182795698925	-0.0758662589450056	0.0809638954522748	0.279140148923548
RCL136	0.00165456903715393	0.0619722540930742	-0.0458798343844749	0.0166996731432755	0.021483650583219	0.199874713457076	0.627145996860283	0.166093242425175	0.266520224173793	0.239619253020587
RCL140	0.00471947430003357	0.0579586592936738	-0.0512156096271847	0.0131663629234929	0.0417723682726375	3.54542539542007e-05	0.732691567192915	0.425642512548985	0.0831476525847484	0.000184362120561843
RCL141A	0.466650498055596	0.0970032335289576	-0.0121710353919008	0.026664162810281	0.597312637511163	0.626228564979508	0.285448228313697	-0.0216008263302333	0.0184792982241143	0.667977135978142
RCL143	0.000269931707072415	0.0449788464096876	-0.0628732420678615	0.0155667893435015	0.0105104465061183	0.00248155887136546	0.693748935190027	0.23269618075492	0.0616779264295794	0.00552047321116594
RCL144	0.0802970334497699	0.073564216353575	-0.0356100525672835	0.0355673954499688	0.186612100084381	5.67882491976918e-05	0.642098474292128	0.335049419648198	0.0294109790408608	0.000275605611727011
RCL147	0.131947545486861	0.0838023787686055	-0.025371890152253	0.0242649075997982	0.248855524194297	0.0167874417395841	0.447983797633345	0.140934742989415	0.0566069149536895	0.0265535200139429
RCL152	0.0053619352389803	0.0736447351995188	-0.0342777572294458	0.0172036725573424	0.045521735906445	0.00302445143438984	0.682791885136406	0.323749402195618	0.147625986773869	0.00648542163250605
RCL154	0.0474962215724797	0.0762650692041509	-0.0329091997167075	0.0187524097285158	0.129989659040471	0.000555246303385867	0.547942828295577	0.240893773651646	0.0309081361816978	0.00162197394294844
RCL17	0.741941633869032	0.127151567344863	0.00828236524300228	0.0154490462429029	0.820871594918929	0.00358351275658982	0.53543834102715	0.18380856889972	0.0977180704664084	0.00752899649869376
RCL18	0.00711526429600804	0.0629501433427275	-0.0449019451348216	0.0255193913262584	0.0510336197782645	0.497583311070015	0.509727053612143	0.0486742991770352	0.127397836128005	0.542901899800843
RCL2	0.810182287241845	0.113708990572278	0.00453472165141923	0.0373815718803457	0.867669368599537	6.93084209163373e-05	0.674849705399401	0.367800650755471	0.0696928605486548	0.000318549314831342
RCL20	0.692724673055815	0.106719827240437	-0.0121493748614238	0.049653289474811	0.783080065193529	1.07175660859393e-05	0.655697900072977	0.304068127945547	0.03760165391132	7.30902867500125e-05
RCL21	0.000512988989517087	0.047892000732796	-0.0599600877447532	0.0186308070890847	0.0138646680402937	0.0106688532793878	0.892857142857143	0.431804388422035	0.340976389851826	0.0187267635621321
RCL25	0.912602712299714	0.116141356997268	-0.00272784510459324	0.0126264772499768	0.939709723556142	0.906317241657572	0.347808965788544	-0.00382080633888576	0.0381260954143635	0.917342998855353
RCL28	0.522050117535684	0.137351113016184	0.0184819109143231	0.039550935845631	0.646279145668381	0.0488873694030773	0.598889465076389	0.247259692948959	0.285228228598022	0.0698870985281105
RCL32	0.340222497191964	0.0910555142796903	-0.0278136878221707	0.0161073522799896	0.479771385870701	2.42736586385206e-06	0.70391506532683	0.3522852931994	0.0262699436862786	2.65732684042751e-05
RCL33	0.466472684586845	0.123918391560269	0.0147441226394108	0.0473466508929955	0.597312637511163	0.00308214286219382	0.579008736957065	0.271959682313135	0.13768321234019	0.00657523810601348
RCL4	0.00305321920724825	0.0495685673165179	-0.0596057016043406	0.0197057726599241	0.0317534797553818	3.76200179556383e-05	0.904444444444444	0.597395389800514	0.166014438367418	0.000193208981105501
RCL41	0.694763200730125	0.13005270560141	0.011183503499549	0.0388941647685485	0.783256074535859	0.00259828261152936	0.564604586020455	0.212974813893025	0.112662886029067	0.00574939131061815
RCL45	2.82214569544702e-05	0.0431339713488938	-0.0647181171286554	0.00821020630591477	0.00206986173997134	0.747156789234215	0.48203150112504	0.0209787466899328	0.109203547958171	0.782914922724013
RCL52	0.00101847852965433	0	-0.118869202101861	0	0.0181378232424349	0.0667554507475182	0.148731884057971	-0.202897888069459	0.253753373067166	0.0916510478909821
RCL58	0.0035399930502274	0.0115404864694114	-0.10732871563245	0.0320415271695986	0.03346902520215	1.64364151325954e-06	0	-0.35162977212743	0	1.95358534147419e-05
RCL63	0.889280613155264	0.115400040076025	-0.00346916202583634	0.0134530445410469	0.924851837681474	0.00175678521118154	0.537123745819398	0.185493973691968	0.0797765967603613	0.00424896888285767
RCL69	0.60755677665196	0.103262874081448	-0.0156063280204127	0.0475607440173106	0.7139650256701	8.42594143599488e-06	0.861561497326203	0.509931725198773	0.117607621897786	5.94100277520995e-05
RCL71	0.947442799480351	0.116880886191404	-0.00198831591045671	0.0409960718976317	0.95896886760055	4.79510917073936e-05	0.653397822619791	0.30176805049236	0.0713013465452232	0.000243264075003362
RCL72	0.238287210021218	0.086133853402586	-0.0327353486992751	0.0278436379484486	0.363104320032332	0.119674560352827	0.283662054177529	-0.0679677179499011	0.0745715460500475	0.153656225638198
RCL81	0.94425960034438	0.108257706933775	-0.000916561987083092	0.00835669074376444	0.95896886760055	0.00186623133573114	0.512474747474748	0.205425692830817	0.0447923568477161	0.00443629848950944
RCL89	0.894173745533499	0.123284236758962	0.00441503465710108	0.0633278911103724	0.927228276978536	1.26314651565836e-05	0.704599763011576	0.352969990884146	0.0671830415123085	8.21045235177936e-05
RCL9	0.0394960452345068	0.0761620084347198	-0.0330122604861387	0.014731913222068	0.120811432482021	2.65290996443223e-05	0.717691066747328	0.410642012103398	0.0633746572471729	0.000151179526740248
RCL96	0.654644621945349	0.104344069474133	-0.0145251326277284	0.0570760399675795	0.754382722241732	0.0118827527282387	0.516889230477554	0.165259458350124	0.134199588062706	0.0200944111176719
RMF10	0.510449961071832	0.0929741921816931	-0.0149483002472715	0.0573950067382292	0.64153227735916	0.00214781831439919	0.658252010523888	0.2992095275831	0.103628958954289	0.00497503461202473
RMF103	0.19466522162277	0.0898517107474697	-0.0183672630409892	0.0366530377624405	0.320081945435068	0.624716787469745	0.329734154340649	-0.0105709658265402	0.0625698739053018	0.667977135978142
RMF105	0.0724408653810724	0.0780397945692009	-0.033648440134723	0.0265002263707505	0.175502619970596	0.407083493561466	0.366599757667268	0.0407922710362524	0.106567293266642	0.454012689870161
RMF106	0.446340912848942	0.101633699456284	-0.00624197165581711	0.0149174209832556	0.578435575530093	0.000681453402307106	0.733261676763729	0.41616316124416	0.207960172346442	0.00188989743573171
RMF107	0.506270940191569	0.094574216404713	-0.0133014547073884	0.0507102005525978	0.639503360087086	0.000429335598386543	0.752149301067129	0.435050785547561	0.202079054416769	0.0013229896957689
RMF109	0.224464580823509	0.0906594298976464	-0.0175595438908126	0.0536203904943448	0.349727586601422	0.0834712443774605	0.37822240007114	0.0379172799039504	0.0736316976866067	0.11274038201631
RMF11	0.310524210929978	0.0918564854163353	-0.0160660070126292	0.0368893517464875	0.445441626713348	0.00645856039608443	0.606167557932264	0.247125074991476	0.105377206200301	0.0121025275890591
RMF110	0.265594349812629	0.0927890222839166	-0.0150866488281848	0.0312878458771441	0.396011647032451	4.54649869672135e-08	0.973913043478261	0.656814527958693	0.0724290027442903	9.95443925176885e-07
RMF111	0.875750867505093	0.104798410026782	-0.0034205637616774	0.055594263956006	0.916775735123142	0.000388554885909677	0.623762597984322	0.283457477817133	0.085784723654655	0.00121532956795809
RMF112	0.00207463099930626	0.0654566803727199	-0.0424189907393815	0.0211537650981788	0.0246584713060401	5.03554797055855e-06	1	0.682901484480432	0	4.55388686033121e-05
RMF113	0.0247851173451193	0.0776799286423374	-0.030195742469764	0.0260550584512343	0.0936632771092659	0.000851983760815962	0.655705444988085	0.338606929468517	0.172478864849015	0.00222908958804679
RMF114	0.00175587528805155	0.0549155480407187	-0.0529601230713827	0.0315658840722652	0.021483650583219	3.21576543035614e-05	0.660966810966811	0.343868295447243	0.0989077316140011	0.000173734859614046
RMF115A	0.022697612367648	0.0577403601548262	-0.0601734332450229	0.0290647355503626	0.0925706543621722	0.0511332169423196	0.472672978330761	0.109171375766659	0.117188584185918	0.0725986970921671
RMF125	0.564519706240312	0.0947533885814158	-0.00950461316464903	0.03513814096443	0.678728895364075	0.351234722614286	0.468319503386874	-0.0445896195044373	0.0841484795113881	0.397047947303106
RMF131	0.491547473538205	0.0911545588933931	-0.0131034428526717	0.0525446328615088	0.627250763778814	0.0139316043758939	0.65014595010928	0.137236827217969	0.078870517921865	0.0229073020568058
RMF135	0.0127779082100588	0.0365566569894252	-0.073588931688858	0.00692771264079195	0.0708747975384597	0.00062406833304678	0.638848872882486	0.222093174876788	0.069545482023793	0.00177816730511959
RMF136	0.000852868237027614	0.0650318952650361	-0.0428335365995555	0.0198284861418325	0.0181378232424349	0.000776327785334257	0.617569573283859	0.193397741834827	0.0952264646939369	0.00205703821886678
RMF138	0.106391380811266	0.0772476353499223	-0.0344405993540016	0.0377450382019855	0.216108527173364	0.000165162635887716	0.657757959803907	0.331950473172891	0.118150555455473	0.000613461219011516
RMF140	0.0075782045489926	0.0527218020122765	-0.0589664326916474	0.0282132159258489	0.0516808703669003	0.00180418029626564	0.559723727703753	0.233916241072737	0.121317939565334	0.00433149357735626
RMF157	0.507298338530621	0.100825878806587	-0.0108623558973369	0.0234483775968077	0.639503360087086	0.000125627967663362	0.541233758582645	0.215426271951629	0.0462073911665328	0.000493030514603383
RMF160	0.0117550349761465	0.0326208670764846	-0.0775247216017986	0.00427313677296182	0.0676838799952841	2.16279971432353e-06	0.973076923076923	0.556321225071225	0.0747504451399406	2.43168832745564e-05
RMF161	0.0377111276094096	0.0601549068197941	-0.0499906818584892	0.00637044497264363	0.117913515901425	0.0273253758775853	0.694210643905643	0.277454945899945	0.236592870711182	0.040597701303841
RMF162	0.0171499550352451	0.0600191713414154	-0.0501264173368678	0.0248315724656693	0.0849331106507377	0.00291482418401714	0.588105109005908	0.17134941100021	0.071070995176909	0.00628272984741518
RMF164	0.041243443059169	0.0644390433646592	-0.0457065453136241	0.0166485442916792	0.122476979346044	6.4982669568491e-05	0.948936170212766	0.532180472207068	0.141775920265419	0.000303739219556093
RMF166A	0.0842605977888264	0.0846060403795561	-0.0270821943243678	0.0108426671745776	0.189472479352172	0.0117455482946609	0.45100791251175	0.125200425880734	0.0778446649240179	0.0200251970925367
RMF177	0.142706363721848	0.083141910061238	-0.0347718833386112	0.0351731711556642	0.26384821025906	0.147204147631868	0.517034520101747	0.153532917537644	0.223959676421948	0.183667955563777
RMF178	0.0612373299645778	0.069048266975432	-0.0410973217028513	0.00746292828719371	0.157251415217681	0.0010162868316955	0.635536881419234	0.218781183413536	0.0780583397700885	0.00260972420978599
RMF196	0.0243635586641467	0.0515914863428131	-0.0585541023354702	0.00703627434180813	0.0936632771092659	0.0787194963049166	0.343889792103548	-0.0728659059021504	0.0612295879232958	0.107017354453743
RMF20	1.18335092883178e-05	0.0424641429828027	-0.0654583494461619	0.00493534252288271	0.00206986173997134	0.00197243215303226	0.639386587034963	0.280344104094175	0.0749011978881954	0.00463577274384984
RMF21	0.169277816779375	0.0907912898932274	-0.0171312025357372	0.0255798646934353	0.294642559749874	0.0156374502962073	0.53624525219924	0.177202769258452	0.0416136296819224	0.0249240587096637
RMF212	0.282300538018235	0.0898592058035301	-0.0218290289003938	0.0377626355381645	0.412028406529045	0.0150541087388775	0.439367049107563	0.113559562476547	0.0711509124063103	0.0242889530904418
RMF215	0.00677858670638781	0.0440870892901425	-0.0738267041097067	0.0162135836720705	0.0494915567880403	0.150704163593571	0.471742851837191	0.108241249273089	0.15468354302922	0.186586107306326
RMF217	0.0164575827926974	0.0636501703632076	-0.0480380643407163	0.0122028055962165	0.0849331106507377	0.900248367099939	0.321185345781736	-0.00462214084927975	0.0666338699891228	0.913422733447743
RMF22	0.828971382938924	0.104728095737124	-0.00349087805133504	0.0389312041691756	0.877486247589294	0.00315323437231192	0.779822812846069	0.43951769267888	0.197076203276091	0.00669257907592734
RMF220A	0.0192877495378091	0.0660530079535311	-0.0382049937925337	0.0240220267287053	0.090021526434163	0.00025069316089979	0.911515151515152	0.398606028623841	0.151591959293546	0.000841035120438006
RMF224	0.0268025767850114	0.0687129170563187	-0.0492008763435304	0.0209477559805678	0.0986714331200419	0.00137031263912824	0.637405844155844	0.273904241591742	0.118765593912083	0.00337307726554644
RMF23	0.118045001979182	0.0863098010566643	-0.0216126913723003	0.0289408606722092	0.230629147528829	0.000142072068741755	0.761535593948061	0.402493111007273	0.0555546092092153	0.00053729073269609
RMF231	0.262293390456553	0.0902569884021091	-0.0140010133439557	0.0145828265377362	0.392496584280309	0.244634261455494	0.573573938960936	0.060664816069625	0.0971016791029983	0.285864754959229
RMF25	0.04249865941954	0.0833572205003326	-0.024565271928632	0.0215414469597042	0.123263511338498	8.92536809348638e-05	0.797186233118437	0.438143750177649	0.0640599657341309	0.000382778672875292
RMF254	0.16161091479326	0.0748639693492761	-0.0293940323967887	0.055799923925629	0.288541375768224	0.944064971983423	0.517089497425252	0.0041803745339416	0.130928308893691	0.949202705554903
RMF259	0.145883521058037	0.0801760578609237	-0.0377377355389255	0.0365124032009481	0.267346012159222	0.709872766826881	0.352704700265676	-0.0107969022984267	0.0311193681373534	0.751417483460516
RMF26	0.0334393611122748	0.454382856680951	0.346460364251986	0.296354206955745	0.113187900806495	0.00921677835794977	0.637626262626263	0.278583779685475	0.165789951646746	0.0163853837474663
RMF261	0.0213585859028118	0.0503152349048676	-0.0598303537734156	0.0100074634080087	0.0906650177098951	0.225209736745702	0.359709027531608	-0.0570466704740898	0.0851782632213633	0.267259836291685
RMF267	0.0180643776848882	0.0655114039527038	-0.0524023894471454	0.0180180526939618	0.0884091896107468	0.000749764466616064	0.636256352899	0.272754750334897	0.103724939776102	0.00201227108459537
RMF27	0.0928421571203257	0.0827793245173035	-0.0289089101866204	0.0207756542451883	0.201158007094039	0.341746199200912	0.36944568650114	0.0436381998701243	0.0947216990203872	0.387374438331279
RMF273	0.673324945129804	0.0991445498743089	-0.00511345187175588	0.0189572107216976	0.76740596486027	0.0213919922789169	0.621254336071658	0.108345213180347	0.0505824174263768	0.0329595140297387
RMF278	0.0310514783032249	0.047298747941056	-0.0628468407372272	0.0652921252851005	0.107645124784513	1.19746946813043e-05	1	0.583244301994302	0	8.03463385068157e-05
RMF279	0.000566584992031233	0.18865416241678	0.0843961606707152	0.0333821019850936	0.0138646680402937	0.000596531218340286	0.298052149662057	-0.214856973229254	0.0578340913660754	0.00171483432294926
RMF280	0.0402880051110303	0.195336574144773	0.0910785723987081	0.191877119682818	0.122334380483128	0.00237069700884125	0.910569105691057	0.397659982799746	0.38479008152231	0.00530220406278473
RMF283	0.877107554276468	0.10059324054042	-0.00366476120564474	0.0580325571152955	0.916775735123142	4.7108839518582e-07	1	0.487090877108689	0	8.16553218322088e-06
RMF285	0.0118772193260955	0.0555615755480888	-0.0623522178517603	0.0250434391866624	0.0676838799952841	0.000101083909981646	0.938709677419355	0.575208074855252	0.170169216125026	0.000416345609429354
RMF29	0.160637120736231	0.0878047428162764	-0.0204142309721826	0.0312050079202509	0.288038975113242	8.78846417347234e-06	0.824860179555221	0.484555059388032	0.132273231588041	6.09333516027416e-05
RMF292	0.0213242838074812	0.050890957077768	-0.0592546316005152	0.0128566072138149	0.0906650177098951	0.176745199317607	0.368095926819877	-0.0486597711858214	0.0443903092321344	0.214361524536806
RMF295	0.005622152535132	0.0445411104917317	-0.0656044781865515	0.0268452856486104	0.0458591265610767	8.23863384407732e-05	0.676929598780434	0.260173900774736	0.048674807923358	0.00036076543990907
RMF3	0.375854649808281	0.0984142127521294	-0.00950827967683518	0.0242909007885121	0.505426830122319	0.00236322716880134	0.642581554761474	0.283539071820686	0.0906263208434956	0.00530220406278473
RMF300	0.302149575093906	0.0924974660898274	-0.0191907686140965	0.0315548368347248	0.43492810809365	0.000172304034513027	0.652135709339407	0.326328222708391	0.116365732082271	0.000628758582082623
RMF305	0.0189429623167315	0.0635324140962542	-0.0481558206076697	0.0272258630154323	0.090021526434163	1.40953429091249e-05	1	0.674192513368984	0	9.02101946183991e-05
RMF31	0.37235345690051	0.135035900527237	0.0268169267387783	0.0979121064718058	0.502918954774714	0.00798516133121809	0.698828982009653	0.358523861842464	0.351763814120524	0.0145694171657312
RMF312A	0.10184727681857	0.0706922974709916	-0.0394532912072916	0.0411180657954626	0.209542173673475	6.92017781475054e-08	1	0.583244301994302	0	1.43939698546811e-06
RMF314	0.0152889664823128	0.0475513687308844	-0.0625942199473988	0.0164031819171433	0.0822471300884231	0.0145453083492236	0.705243958048336	0.288488260042638	0.210218455700845	0.0236361260674884
RMF322	0.503567439328547	0.0983875799970723	-0.0133006547068516	0.0417366192934714	0.638670898660597	1.92401841793754e-05	0.585004794663331	0.259197308032315	0.0325792608651626	0.000114341665980288
RMF327	0.927608843651512	0.115484713170239	0.00170122317221036	0.0353394881669421	0.952803157923528	0.00398980006104053	0.513382922594003	0.188756773888906	0.0945284993123466	0.0082987841269643
RMF329	0.0347777337929886	0.158564195211018	0.0447807052129896	0.0380404242661112	0.115740298063066	0.000110032184416497	0.698004247876062	0.373378099170966	0.120486790698276	0.000445809035205105
RMF33	0.0369726743057687	0.0773856064828893	-0.0308333673055697	0.0283393640219366	0.117913515901425	0.00267167761863452	0.701038593785147	0.360733473617958	0.232111942646296	0.00581894182906786
RMF331	0.31415606486716	0.0900869071436093	-0.0236965828544194	0.0647092854193794	0.44910282812625	0.00216994361329348	0.736830357142857	0.412204208437761	0.290556508905523	0.00498727371895076
RMF333	0.712717458729254	0.126473955218423	0.012690465220394	0.110869024535671	0.797017373202606	5.2508769539554e-05	0.931372549019608	0.606746400314512	0.218403177813588	0.000263176483475355
RMF339	0.208868334186022	0.0842148137549446	-0.0296954747238691	0.0416487160911954	0.334189334697635	0.00115136724670938	0.835608465608466	0.424207407458873	0.202111491926222	0.00290284105837031
RMF340	0.0812505585412537	0.0774366742110964	-0.0364736142677173	0.0247164323093357	0.187189929814943	0.281784069727465	0.46904845726356	0.0576473991139672	0.054574251776438	0.322926096436984
RMF345	0.0270994028973455	0.0608704849932893	-0.0530398034855244	0.0212682169393105	0.0988890491692609	1.29553129620746e-06	1	0.588598941850407	0	1.58512064477148e-05
RMF348	0.00282348827688501	0.0417730267756518	-0.0721372617031619	0.016111499223588	0.0312658867391068	0.0137859759118707	0.561888345081622	0.150487286932029	0.0379393217204781	0.0227578015053103
RMF349	0.0105155325521318	0.175711217714521	0.0619277277164925	0.0460131552923872	0.064330316789512	2.413854288833e-07	1	0.675373851294904	0	4.3659277571936e-06
RMF35	0.156988725457903	0.0852622422421134	-0.0229567315463456	0.044092014251293	0.282715626798647	8.0617389330162e-06	0.586680429165262	0.246375308998073	0.0619876552659314	5.93326809784124e-05
RMF350	0.667754123455534	0.123703849679022	0.00992035968099285	0.0660091123813771	0.764979183481395	1.43451163932685e-05	0.946428571428571	0.621802422723475	0.170488194925913	9.04177033272681e-05
RMF351	0.049833736372133	0.068399124221798	-0.0455111642570157	0.0233408414041844	0.135250006272255	0.0499662588060735	0.55893592287264	0.147534864723047	0.124466125085454	0.071184807066187
RMF36	0.515214423105434	0.0958658657565864	-0.0123531080318725	0.0587891954704743	0.645569879553796	0.000914653753451439	0.573423076923077	0.233117956755888	0.123488660652417	0.00236332895301738
RMF360	0.361634209325896	0.0918130025106641	-0.0124449992354007	0.0241199391095922	0.494295150904822	0.0475008087625966	0.612349538843707	0.0994404159523962	0.0733032372973021	0.0681390911904834
RMF362	0.811354289387548	0.107673123775643	-0.00611036622238591	0.0614640384889121	0.867669368599537	0.000878263871149867	0.529001685499275	0.204375536794179	0.0699197606090268	0.00228348606498965
RMF363	0.0725635832570734	0.0791530960013776	-0.0325351387025463	0.0239055523564	0.175502619970596	3.47876560754506e-05	0.592143198742912	0.266335712111896	0.0512294969536054	0.000183185631992246
RMF365	0.0156190463389073	0.0716329394367668	-0.0421505505612619	0.0152371291189312	0.0822471300884231	9.67695186416793e-05	0.670949786034726	0.34632363732963	0.103922011682803	0.000406627472272107
RMF366	0.69244936739475	0.127154750338803	0.0133712603407743	0.0850940640161241	0.783080065193529	9.61354363170099e-05	0.833603238866397	0.508977090161301	0.178000518967851	0.000406627472272107
RMF369	0.585905804679987	0.123070423285896	0.00928693328786703	0.0372935957609958	0.694406879620726	9.92904689413237e-05	0.841203674374406	0.51657752566931	0.182282654153482	0.000413048350795907
RMF370	0.0774627051675729	0.0757234927991371	-0.0380599971988916	0.0486264292552528	0.18276190923468	0.000435040762366589	0.557665501133668	0.233039352428572	0.0738055427639235	0.00133071292018015
RMF374	0.228098075699216	0.0908364895857754	-0.0230737988930383	0.0210011786839833	0.352746466508825	0.000354286266634483	0.858293650793651	0.446892592644058	0.166415269030993	0.00113371605323035
RMF375	0.0201095183982463	0.0659512768867069	-0.0479590115921068	0.0122749144252844	0.0906650177098951	1.29553129620746e-06	1	0.588598941850407	6.89261979826974e-17	1.58512064477148e-05
RMF376	0.00737179434635143	0.0554566161283587	-0.058453672350455	0.0103534505131727	0.0516808703669003	0.000175451885888877	0.754877013514436	0.343475955364843	0.0695441622703423	0.000634678126345851
RMF384	0.151095535794923	0.0810726145299379	-0.0328376739488758	0.0337909380475576	0.274839274645622	0.00618120691828962	0.66209578170891	0.250694723559317	0.139412724394782	0.0117242434703446
RMF389	0.561281489766172	0.124486376859437	0.0107028868614088	0.0442919990646127	0.678728895364075	0.000221788598437725	0.684341134612874	0.359714985907778	0.138867750690885	0.000768867141250778
RMF395	0.0376325110716004	0.0791954969704212	-0.0345879930276074	0.023202700313413	0.117913515901425	2.70111416121222e-05	0.673148773206979	0.348522624501883	0.0744631229631687	0.00015184641771139
RMF397	0.043931688362339	0.165536494910593	0.051753004912564	0.0516391366893968	0.126038499025745	0.000118421079112711	0.793923375801934	0.469297227096838	0.16697292751365	0.000472656689295701
RMF40	0.0460150510725094	0.149147969382783	0.0409289955943239	0.0792553792295575	0.129339603014621	6.7241943476481e-07	0.701284461152882	0.360979340985693	0.0604864667639701	9.99023160222003e-06
RMF41	0.620241169773707	0.103286413385942	-0.00493256040251729	0.0183364033059797	0.724306792750073	0.649050646219785	0.329361170755478	-0.0109439494117108	0.0579589777695749	0.688788440886303
RMF45	0.00115924604533761	0.0632466315945666	-0.0446290395175348	0.0196899768604518	0.0181378232424349	1.77389218421819e-05	0.617298926971344	0.300200411451775	0.0719155699314949	0.000106947702700691
RMF451	0.151293735321749	0.0855499386433187	-0.0261382960606052	0.0229578041430312	0.274839274645622	0.0246105436846222	0.54788814897028	0.222080662339264	0.210832484519143	0.0368272883913771
RMF453	0.00153738665630101	0.0346318046876422	-0.0792784837911715	0.0149473646397761	0.0206307370652007	0.0988987708200543	0.502286188107084	0.0908851299574906	0.0448998931802942	0.131786877762109
RMF455	0.00757232083652779	0.0561471352049821	-0.0577631532738316	0.00891915663323702	0.0516808703669003	1.29553129620746e-06	1	0.588598941850407	0	1.58512064477148e-05
RMF466	0.129757930005237	0.152838395996199	0.0390549059981705	0.0563201776591842	0.246480816813601	5.54642896009046e-05	0.795391858381912	0.470765709676816	0.145825654015659	0.000274680291356861
RMF467	0.0547859884216846	0.0758418143402803	-0.0380684741385334	0.0156140511615292	0.145919207455497	0.163447003446253	0.490551758183337	0.0791507000337441	0.0652128580906074	0.20057213402254
RMF47	0.0591606274895511	0.0863868665245671	-0.0214785653400245	0.0244960199868871	0.153817631472833	4.22418298681251e-06	0.809601390246552	0.385429558797519	0.0900342411005289	4.01529500350277e-05
RMF48	0.168270889521494	0.090693800330189	-0.0171818707819124	0.0273117003494339	0.294642559749874	0.00574877660907256	0.578878321707009	0.261779806187441	0.185930416676564	0.0111363318883274
RMF49	0.0518654809860535	0.0772606679498465	-0.0306150031622549	0.0413485346229431	0.13920025864644	0.0239199030337234	0.392039072528883	0.074940557009315	0.0412874931022081	0.0360531871812642
RMF491	0.578332597561597	0.101315037263983	-0.0125952512148304	0.042701660622315	0.689391981327493	0.115830431730146	0.32632703574824	-0.0850740224013528	0.0410384971771323	0.149644284471245
RMF499	0.0455987754128152	0.0637798758928667	-0.050130412585947	0.035923470369016	0.129041432460756	0.0577828393390454	0.560962208438164	0.149561150288571	0.146887669076645	0.0806632925001439
RMF5	0.519540396351619	0.116958824473089	0.0090363320441247	0.0324101594944871	0.646279145668381	0.961164813835106	0.362360006095076	0.00331752315428763	0.0972520030162563	0.96348087362748
RMF50	0.251054044793553	0.138845060383441	0.030626086594982	0.0679937161497668	0.378400299398979	0.0108829958277709	0.843611111111111	0.503305990943922	0.287499956484324	0.0189427877169569
RMF51	0.0814456185012133	0.135545313014942	0.0273263392264826	0.0394950026930899	0.187189929814943	0.011336736113754	0.573284408810725	0.232979288643535	0.244350854702724	0.0194879430715771
RMF57	0.650614866431253	0.120342735022413	0.0124773031578216	0.072713429138319	0.75182162343167	0.740282142583389	0.410099846390169	-0.0140719850588631	0.107495907006081	0.779638914720734
RMF6	0.0246487391098363	0.137211914524646	0.0292894220956819	0.0254568934562254	0.0936632771092659	0.476561881674882	0.412410894152712	0.0533684112119243	0.114981518816137	0.523086392550794
RMF69	0.118086558710674	0.0794237090281122	-0.030721879650171	0.011432947432997	0.230629147528829	0.801115001254213	0.432056286915701	0.0153005889100034	0.129329488886066	0.82695742064951
RMF7	0.220770846992149	0.125673908415827	0.0177514159868623	0.0322533615599709	0.346568574900883	0.304891173996553	0.252554112554113	-0.106488370386675	0.220424312687441	0.348447055996061
RMF71	0.000329054117380891	0.050023111785634	-0.0578525593264674	0.0217865729153304	0.0105297317561885	0.0448255910276434	0.375261951234625	0.0581634357150571	0.0362764845662866	0.064973678980835
RMF77	0.520749012410781	0.0906465612863563	-0.0175724125021027	0.089786985604197	0.646279145668381	0.208366135494914	0.539592760180995	0.199287640013806	0.519460655281623	0.249081357373231
RMF79	0.115099313491493	0.0875753339808889	-0.0203003371312124	0.0277661724091403	0.229097198145748	1.49742388650075e-05	0.681311828787307	0.364213313267738	0.0927966256729889	9.29743786245241e-05
RMF8	0.869256110785759	0.105071862763765	-0.00285062966519911	0.0427970072639253	0.913157934562818	3.06395753674554e-06	1	0.640957517059212	0	3.18651583821536e-05
RMF88	0.362400720498695	0.130998347901621	0.0231226767895199	0.0677902007974168	0.494295150904822	0.00020211552998853	0.790304404590119	0.473205889070551	0.227793744862883	0.000718632995514772
RMF9	0.0443701855406746	0.0757812876580909	-0.0321412047708737	0.0326513537783653	0.126424638252881	0.00403235116602281	0.680137254901961	0.321094771961173	0.160888402005052	0.00834556261226611
RMF92	0.351814061544644	0.0986316934326053	-0.00924397767949611	0.0206941375737965	0.487848832008574	0.000474613467332145	0.853744116388532	0.536645600868964	0.256784595830038	0.00140027803127782
RMF95	0.344250430490621	0.14404252268555	0.0358235488970907	0.124779053691353	0.48218242115858	0.240582823686643	0.414271390374332	0.0739662702071424	0.204926037274124	0.281922407475052
RMF98A	0.968704452698838	0.108506525138255	0.000630854026153968	0.0403323780342023	0.971038680295703	0.0391500905548551	0.406309375216698	0.0892108596971297	0.0825326640095456	0.0571453953362096
